vehicle_id,license_plate,make,model,station,status_car,Event Type,Event Note,Event Start Date,Event End Date,mileage,LINK TO WAVE,TCU Problem ?,TCU BATTERY TIMESTAMP,TCU MILEAGE,TCU MILEAGE TIMESTAMP,Mileage Änderung
WMA36VUY4P9014789,WI RS 3995,Knaus,knaus_boxdrive_600_xl_man_tge,Aachen,IN_FLEET,MAINTENANCE,Wather in the Car from the Roof,5/12/2025,15.2.2026,68484,https://backoffice.roadsurfer.com/vehicles/9716/edit,no Problem,4.2.2026 01:17,68513.0,2.2.2026 13:17,29
WF01XXTTG1PC42029,WI RC 1497,Ford,ford_nugget_ford_transit_custom_v362,Aachen,IN_FLEET,TRANSFER,,16/3/2026,23.3.2026,61675,https://backoffice.roadsurfer.com/vehicles/4259/edit,no Problem,3.2.2026 10:51,61726.0,3.2.2026 10:51,51
WF01XXTTG1NS53160,WI RC 1230,Ford,ford_nugget_ford_transit_custom_v362,Aachen,IN_FLEET,TRANSFER,,19/3/2026,26.3.2026,52759,https://backoffice.roadsurfer.com/vehicles/4394/edit,no Problem,3.2.2026 10:28,52794.0,3.2.2026 10:28,35
WF0EXXTTRENB24928,WI RS 7267,Bürstner,burstner_signeo_c590_ford_transit_v363,Aix-Marseille,IN_FLEET,MAINTENANCE,engine light on *Samuel,28/1/2026,13.2.2026,67134,https://backoffice.roadsurfer.com/vehicles/9240/edit,no Problem,3.2.2026 23:36,67191.0,3.2.2026 23:36,57
WV2ZZZ7HZNH055264,WI RS 2141,Volkswagen,vw_california_ocean_t61,Amsterdam,IN_FLEET,,,,,98927,https://backoffice.roadsurfer.com/vehicles/6671/edit,no Problem,3.2.2026 20:28,98953.0,2.2.2026 08:26,26
WV2ZZZ7HZNH038401,WI RS 1152,Volkswagen,vw_california_ocean_t61,Amsterdam,IN_FLEET,MAINTENANCE,tires trimm*19dec Miguel euromaster january,21/12/2025,6.2.2026,91980,https://backoffice.roadsurfer.com/vehicles/6006/edit,no Problem,4.2.2026 03:44,92181.0,3.2.2026 13:21,201
WV2ZZZ7HZRH060739,WI RS 6092,Volkswagen,vw_california_ocean_t61,Amsterdam,IN_FLEET,BLOCK_VEHICLE,Former Deferral vehicle - M&R still to be done,15/1/2026,31.3.2026,63187,https://backoffice.roadsurfer.com/vehicles/12471/edit,no Problem,3.2.2026 23:52,63242.0,3.2.2026 11:51,55
WF01XXTTG1PC43957,WI RC 1486,Ford,ford_nugget_ford_transit_custom_v362,Antwerp,IN_FLEET,SEASON_PREPARATION_AFTER_WINTER,,2/3/2026,4.3.2026,68348,https://backoffice.roadsurfer.com/vehicles/4476/edit,no Problem,3.2.2026 21:25,68778.0,3.2.2026 21:25,430
WV2ZZZ7HZPH048052,WI RS 3442,Volkswagen,vw_california_beach_t61,Autohaus Gegner (external),IN_FLEET,,,,,71455,https://backoffice.roadsurfer.com/vehicles/8549/edit,no Problem,4.2.2026 02:42,71562.0,2.2.2026 14:40,107
WF01XXTTG1PK78545,WI RC 1524,Ford,ford_nugget_plus_ford_transit_custom_v362,Autohaus Gegner (external),IN_FLEET,,,,,65500,https://backoffice.roadsurfer.com/vehicles/4679/edit,no Problem,3.2.2026 22:10,65658.0,3.2.2026 10:09,158
WV2ZZZ7HZPH050039,WI RS 3284,Volkswagen,vw_california_ocean_t61,Barcelona,IN_FLEET,MAINTENANCE,WS - Full service,2/1/2026,7.2.2026,68271,https://backoffice.roadsurfer.com/vehicles/7976/edit,no Problem,3.2.2026 17:29,68362.0,3.2.2026 17:29,91
VF3YCCPFC12V70426,WI RS 4618,Knaus,knaus_boxlife_600_mq_peugeot_boxer_7,Barcelona,IN_FLEET,MAINTENANCE,MR - Camping battery dea,3/2/2026,14.2.2026,73192,https://backoffice.roadsurfer.com/vehicles/5344/edit,no Problem,4.2.2026 04:20,73218.0,3.2.2026 16:19,26
ZFA25000002Y29466,SX 36296,Bürstner,burstner_eliseo_c540_fiat_ducato_8,Bergen,IN_FLEET,,,,,37690,https://backoffice.roadsurfer.com/vehicles/10556/edit,no Problem,3.2.2026 20:53,37712.0,3.2.2026 08:52,22
WV2ZZZ7HZNH052778,WI RS 1925,Volkswagen,vw_california_ocean_t61,Berlin,IN_FLEET,MAINTENANCE,"Deferral Candidate // Crack in window - No damage yet created larger than 3cm and close to edge, needs full replacement and Inspection due. #JFCM Asmen",8/10/2025,28.2.2026,89680,https://backoffice.roadsurfer.com/vehicles/6477/edit,no Problem,4.2.2026 01:42,89761.0,2.2.2026 13:40,81
WV2ZZZ7HZPH054896,WI RS 3715,Volkswagen,vw_california_ocean_t61,Berlin,IN_FLEET,MAINTENANCE,"Windshield repair by nobleglass, waiting for app. #JFCM Asmen",24/1/2026,7.2.2026,70570,https://backoffice.roadsurfer.com/vehicles/8159/edit,no Problem,4.2.2026 02:39,70605.0,2.2.2026 14:37,35
WV2ZZZ7HZRH073185,WI RS 6760,Volkswagen,vw_california_beach_t61,Berlin,IN_FLEET,SEASON_PREPARATION_AFTER_WINTER,,13/4/2026,15.4.2026,25368,https://backoffice.roadsurfer.com/vehicles/12242/edit,no Problem,4.2.2026 03:49,25457.0,3.2.2026 15:47,89
WV2ZZZ7HZRH067828,WI RS 6242,Volkswagen,vw_california_beach_t61,Berlin,IN_FLEET,SEASON_PREPARATION_AFTER_WINTER,,5/3/2026,7.3.2026,35869,https://backoffice.roadsurfer.com/vehicles/13352/edit,no Problem,3.2.2026 22:10,35972.0,3.2.2026 10:08,103
ZFA25000002V68004,WI RS 3012,Bürstner,burstner_eliseo_c540_fiat_ducato_8,Berlin,IN_FLEET,TRANSFER,,11/2/2026,21.2.2026,80352,https://backoffice.roadsurfer.com/vehicles/6825/edit,no Problem,2.2.2026 12:26,80384.0,2.2.2026 12:26,32
WV1ZZZSY6R9060240,WI RS 6991,Volkswagen,vw_grand_california_600_vw_crafter_2,Berlin,IN_FLEET,MAINTENANCE,HU/AU placeholder *Fleet,2/2/2026,6.2.2026,64903,https://backoffice.roadsurfer.com/vehicles/12051/edit,no Problem,3.2.2026 23:26,64951.0,3.2.2026 11:26,48
WV1ZZZSY6R9059718,WI RS 6976,Volkswagen,vw_grand_california_600_vw_crafter_2,Berlin,IN_FLEET,MAINTENANCE,HU/AU placeholder *Fleet,9/2/2026,13.2.2026,63017,https://backoffice.roadsurfer.com/vehicles/12019/edit,no Problem,4.2.2026 01:19,63068.0,3.2.2026 13:18,51
ZFA25000002Y65358,WI RS 5709,Knaus,knaus_boxlife_540_mq_fiat_ducato_8,Berlin-Schönefeld,IN_FLEET,,,,,41259,https://backoffice.roadsurfer.com/vehicles/11698/edit,no Problem,3.2.2026 23:10,41292.0,3.2.2026 11:09,33
WV2ZZZ7HZNH051639,WI RS 1956,Volkswagen,vw_california_ocean_t61,Berlin-Schönefeld,IN_FLEET,SEASON_PREPARATION_AFTER_WINTER,,9/2/2026,11.2.2026,82064,https://backoffice.roadsurfer.com/vehicles/6530/edit,no Problem,3.2.2026 23:27,82130.0,2.2.2026 11:25,66
WV2ZZZ7HZNH045386,WI RS 1679,Volkswagen,vw_california_ocean_t61,Berlin-Schönefeld,IN_FLEET,BLOCK_VEHICLE,abroad fleet,2/2/2026,9.2.2026,84400,https://backoffice.roadsurfer.com/vehicles/6216/edit,no Problem,4.2.2026 03:35,84443.0,3.2.2026 15:02,43
WV2ZZZ7HZPH046453,WI RS 3822,Volkswagen,vw_california_ocean_t61,Berlin-Schönefeld,IN_FLEET,SEASON_PREPARATION_AFTER_WINTER,,16/2/2026,18.2.2026,69965,https://backoffice.roadsurfer.com/vehicles/8351/edit,no Problem,3.2.2026 22:54,69996.0,2.2.2026 10:54,31
WV2ZZZ7HZRH058408,WI RS 5948,Volkswagen,vw_california_ocean_t61,Berlin-Schönefeld,IN_FLEET,BLOCK_VEHICLE,Block Vehicle event for Subscription Purpose,28/2/2026,2.3.2026,74106,https://backoffice.roadsurfer.com/vehicles/13427/edit,no Problem,3.2.2026 17:58,74178.0,3.2.2026 17:58,72
WV2ZZZ7HZPH053103,WI RS 3616,Volkswagen,vw_california_beach_t61,Berlin-Schönefeld,IN_FLEET,SEASON_PREPARATION_AFTER_WINTER,,23/3/2026,25.3.2026,106561,https://backoffice.roadsurfer.com/vehicles/8669/edit,no Problem,4.2.2026 03:26,106662.0,3.2.2026 15:25,101
WV2ZZZ7HZRH049787,WI RS 5555,Volkswagen,vw_california_beach_t61,Berlin-Schönefeld,IN_FLEET,BLOCK_VEHICLE,abroad fleet,24/1/2026,6.2.2026,51653,https://backoffice.roadsurfer.com/vehicles/12226/edit,no Problem,3.2.2026 22:56,51675.0,3.2.2026 10:55,22
ZFA25000002W17840,WI RS 3544,Weinsberg,weinsberg_caratour_540_mq_fiat_ducato_8,Berlin-Schönefeld,IN_FLEET,,,,,81142,https://backoffice.roadsurfer.com/vehicles/5420/edit,no Problem,3.2.2026 22:07,81183.0,2.2.2026 10:04,41
WV1ZZZSY4R9042870,WI RS 5679,Volkswagen,vw_grand_california_600_vw_crafter_2,Berlin-Schönefeld,IN_FLEET,BLOCK_VEHICLE,"fcm*ab: outdoor shower leaking / technician repair, spare parts need to be ordered / Anna-Marie",28/11/2025,14.2.2026,69257,https://backoffice.roadsurfer.com/vehicles/10570/edit,no Problem,4.2.2026 03:52,69319.0,3.2.2026 15:51,62
WV3ZZZ7JXPX026961,WI RS 5117,Knaus,knaus_tourer_van_500_mq_vw_t61_transporter,Berlin-Schönefeld,IN_FLEET,MAINTENANCE,fcm*ab: Repair deferred until 2026 – Central decision Damage department / HU/AU invalid / Anna-Marie,30/9/2025,10.2.2026,44510,https://backoffice.roadsurfer.com/vehicles/10015/edit,no Problem,4.2.2026 00:57,44564.0,3.2.2026 12:56,54
WV2ZZZSTXSH026670,WI RC 1695,Volkswagen,vw_new_california_ocean_multivan_life,Berlin-Schönefeld,IN_FLEET,MAINTENANCE,HU/AU placeholder *Fleet // fcm*ab: waiting for new oil / Anna-Marie,5/1/2026,14.2.2026,20624,https://backoffice.roadsurfer.com/vehicles/14953/edit,no Problem,3.2.2026 18:58,20653.0,2.2.2026 06:56,29
WV2ZZZ7HZNH053954,WI RS 2058,Volkswagen,vw_california_ocean_t61,Bielefeld,IN_FLEET,MAINTENANCE,HU/AU placeholder *Fleet,2/2/2026,9.2.2026,77175,https://backoffice.roadsurfer.com/vehicles/6584/edit,no Problem,4.2.2026 00:42,77197.0,3.2.2026 12:41,22
WV2ZZZ7HZRH077509,WI RS 6628,Volkswagen,vw_california_beach_t61,Bielefeld,IN_FLEET,MAINTENANCE,HU/AU placeholder *Fleet,23/3/2026,27.3.2026,28265,https://backoffice.roadsurfer.com/vehicles/12253/edit,no Problem,3.2.2026 21:31,28443.0,2.2.2026 09:30,178
WV2ZZZ7HZNH055656,WI RS 1646,Volkswagen,vw_california_beach_t61,Bielefeld,IN_FLEET,MAINTENANCE,Service bei Steinböhmer mit Servicevetragsanpassung. *Fabian,30/1/2026,7.2.2026,113300,https://backoffice.roadsurfer.com/vehicles/5887/edit,no Problem,2.2.2026 11:04,113509.0,2.2.2026 11:04,209
WV2ZZZ7HZRH043525,WI RS 5299,Volkswagen,vw_california_beach_t61,Bielefeld,IN_FLEET,SEASON_PREPARATION_AFTER_WINTER,,31/3/2026,2.4.2026,61109,https://backoffice.roadsurfer.com/vehicles/10646/edit,no Problem,3.2.2026 22:05,61143.0,2.2.2026 10:03,34
WV2ZZZ7HZRH076113,WI RS 6975,Volkswagen,vw_california_beach_t61,Bielefeld,IN_FLEET,BLOCK_VEHICLE,Former Deferral vehicle - M&R still to be done,15/1/2026,28.2.2026,56833,https://backoffice.roadsurfer.com/vehicles/12305/edit,no Problem,4.2.2026 03:54,56935.0,2.2.2026 15:53,102
WV1ZZZSY4R9062990,WI RS 7211,Volkswagen,vw_grand_california_600_vw_crafter_2,Bielefeld,IN_FLEET,MAINTENANCE,HU/AU placeholder *Fleet,9/2/2026,13.2.2026,57346,https://backoffice.roadsurfer.com/vehicles/12083/edit,no Problem,3.2.2026 19:02,57411.0,3.2.2026 07:00,65
WV1ZZZSY0P9009040,WI RS 2595,Volkswagen,vw_grand_california_600_vw_crafter_2,Bielefeld,IN_FLEET,MAINTENANCE,Repair deferred until 2026 – Central decision Damage department / Tire change / Tobias Wöhe,25/11/2025,7.2.2026,117476,https://backoffice.roadsurfer.com/vehicles/7566/edit,no Problem,4.2.2026 03:28,117510.0,3.2.2026 15:27,34
ZFA25000002Z05107,WI RS 7675,LMC,lmc_tourer_lift_h630_fiat_ducato_8,Bielefeld,IN_FLEET,MAINTENANCE,,23/12/2025,7.2.2026,42290,https://backoffice.roadsurfer.com/vehicles/13646/edit,no Problem,4.2.2026 00:31,42334.0,2.2.2026 12:29,44
WV2ZZZ7HZPH064806,WI RS 4075,Volkswagen,vw_california_ocean_t61,Bilbao,IN_FLEET,TRANSFER,,12/2/2026,22.2.2026,74026,https://backoffice.roadsurfer.com/vehicles/8061/edit,no Problem,4.2.2026 00:26,74051.0,3.2.2026 12:12,25
WV2ZZZ7HZRH042553,WI RS 5229,Volkswagen,vw_california_beach_t61,Bilbao,IN_FLEET,SEASON_PREPARATION_AFTER_WINTER,,23/3/2026,25.3.2026,74665,https://backoffice.roadsurfer.com/vehicles/10648/edit,no Problem,4.2.2026 03:24,74698.0,3.2.2026 15:23,33
ZFA25000002Y29423,WI RS 7886,Bürstner,burstner_eliseo_c540_fiat_ducato_8,Bilbao,IN_FLEET,MAINTENANCE,tires need to be changed *laura APPOINMENT AT EUROMASTER THE 12/12 AT 17:00 TO CHANGE FRONT BOTH TIRES. DRIVED BY AUTOLAREND. *ION CAMPING FUNCTION DISPLAY DOESN'T WORK. REPAIR FOR THE MECHANIC 03/01 *ION  WAITING PIECES TO REPAIR THE DISPLAY 02/02 *ION,26/9/2025,22.2.2026,47269,https://backoffice.roadsurfer.com/vehicles/10513/edit,no Problem,4.2.2026 00:19,47368.0,3.2.2026 12:17,99
WV1ZZZSY2P9008892,WI RS 2607,Volkswagen,vw_grand_california_600_vw_crafter_2,Bilbao,IN_FLEET,,,,,106452,https://backoffice.roadsurfer.com/vehicles/7559/edit,no Problem,4.2.2026 00:18,106475.0,2.2.2026 12:17,23
WF0EXXTTRERB62114,WI RS 6220,Weinsberg,weinsberg_caratour_600_mq_ford_transit_v363,Bilbao,IN_FLEET,MAINTENANCE,Van is in the workshop to repair several body damages *Sergi,29/1/2026,22.2.2026,47815,https://backoffice.roadsurfer.com/vehicles/12990/edit,no Problem,3.2.2026 22:05,47843.0,3.2.2026 09:46,28
ZFA25000002X76809,WI RS 5977,LMC,lmc_innovan_600_fiat_ducato_8,Bilbao,IN_FLEET,BLOCK_VEHICLE,Don´t delete or adjust this block - Deferral Vehicle not for Repair in 2026 approved by Head of M&R,15/1/2026,31.12.2026,21499,https://backoffice.roadsurfer.com/vehicles/13038/edit,no Problem,4.2.2026 05:09,21526.0,3.2.2026 17:07,27
ZFA25000002Z39056,WI RS 8523,LMC,lmc_innovan_600_fiat_ducato_8,Bilbao,IN_FLEET,,,,,30601,https://backoffice.roadsurfer.com/vehicles/13080/edit,no Problem,4.2.2026 05:08,30652.0,2.2.2026 14:40,51
ZFA25000002Y66383,WI RS 5710,Knaus,knaus_boxlife_540_mq_fiat_ducato_8,Bochum,IN_FLEET,MAINTENANCE,Service fällig  // Muss noch geplant werden,21/1/2026,5.2.2026,37763,https://backoffice.roadsurfer.com/vehicles/11699/edit,no Problem,4.2.2026 01:56,37804.0,3.2.2026 13:55,41
W1V44781313875866,M RC 3598,Mercedes Benz,mb_marco_polo_v_klasse,Bochum,IN_FLEET,MAINTENANCE,"MKL, Serrvice // Graf",19/9/2025,6.2.2026,119799,https://backoffice.roadsurfer.com/vehicles/3487/edit,no Problem,3.2.2026 11:29,119825.0,3.2.2026 11:29,26
WF01XXTTG1PC40165,WI RC 1415,Ford,ford_nugget_ford_transit_custom_v362,Bochum,IN_FLEET,MAINTENANCE,OEM // Elektrik // asap,3/2/2026,18.2.2026,44265,https://backoffice.roadsurfer.com/vehicles/4488/edit,no Problem,4.2.2026 02:19,44295.0,3.2.2026 13:30,30
WV2ZZZ7HZNH060238,WI RS 2191,Volkswagen,vw_california_ocean_t61,Bochum,IN_FLEET,MAINTENANCE,"Service, Ölservice, Anschannlgurt und evtl. Reifen // UN Car Service",29/1/2026,6.2.2026,93932,https://backoffice.roadsurfer.com/vehicles/6689/edit,no Problem,3.2.2026 20:31,93953.0,2.2.2026 08:31,21
WV2ZZZ7HZRH068027,WI RS 6257,Volkswagen,vw_california_beach_t61,Bochum,IN_FLEET,MAINTENANCE,"Reifen neu, HUAU // EM Riemker",27/1/2026,7.2.2026,42902,https://backoffice.roadsurfer.com/vehicles/13332/edit,no Problem,4.2.2026 03:39,42947.0,3.2.2026 15:38,45
WF01XXTTG1NG14831,WI RC 1447,Ford,ford_nugget_plus_ford_transit_custom_v362,Bochum,IN_FLEET,SEASON_PREPARATION_AFTER_WINTER,,11/2/2026,13.2.2026,57701,https://backoffice.roadsurfer.com/vehicles/4624/edit,no Problem,3.2.2026 22:48,57736.0,2.2.2026 10:47,35
WF0LXXTAXLRT30120,WI RC 1787,Ford,ford_nugget_ford_transit_custom_v710,Bochum,IN_FLEET,MAINTENANCE,"Rückfahrkamera wurde ausgebaut, gestohlen // EM Riemker",3/2/2026,20.2.2026,22682,https://backoffice.roadsurfer.com/vehicles/15368/edit,no Problem,4.2.2026 01:34,22708.0,3.2.2026 13:33,26
WV2ZZZ7HZMH094173,M RC 2456,Volkswagen,vw_california_ocean_t61,Bologna,IN_FLEET,SEASON_PREPARATION_AFTER_WINTER,,23/3/2026,25.3.2026,116372,https://backoffice.roadsurfer.com/vehicles/3355/edit,no Problem,3.2.2026 20:08,116458.0,2.2.2026 11:43,86
WV2ZZZ7HZRH078411,WI RS 6668,Volkswagen,vw_california_ocean_t61,Bologna,IN_FLEET,BLOCK_VEHICLE,HU/AU invalid,30/9/2025,28.2.2026,46357,https://backoffice.roadsurfer.com/vehicles/12633/edit,no Problem,3.2.2026 15:14,46755.0,3.2.2026 15:14,398
ZFA250000SG021619,WI RS 8092,Weinsberg,weinsberg_carabus_600_mq_fiat_ducato_serie_2,Bologna,IN_FLEET,MAINTENANCE,"Dent on sliding door, can not be closed properly (Actually at workshop for repair)",5/1/2026,5.2.2026,20259,https://backoffice.roadsurfer.com/vehicles/15894/edit,no Problem,3.2.2026 18:27,20289.0,3.2.2026 18:26,30
WV2ZZZ7HZNH044600,WI RS 1856,Volkswagen,vw_california_ocean_t61,Bordeaux,IN_FLEET,SEASON_PREPARATION_AFTER_WINTER,,20/4/2026,22.4.2026,71927,https://backoffice.roadsurfer.com/vehicles/6260/edit,no Problem,4.2.2026 00:23,71969.0,3.2.2026 12:22,42
WF01XXTTG1NS53059,WI RC 1221,Ford,ford_nugget_ford_transit_custom_v362,Bremen,IN_FLEET,SEASON_PREPARATION_AFTER_WINTER,,9/3/2026,11.3.2026,60328,https://backoffice.roadsurfer.com/vehicles/4298/edit,no Problem,4.2.2026 02:50,60421.0,2.2.2026 14:47,93
WV2ZZZ7HZMH107657,M RC 3418,Volkswagen,vw_california_ocean_t61,Bremen,IN_FLEET,BLOCK_VEHICLE,"This event was created automatically due to the creation of the damage (ID450981), which caused a transition of the vehicle into a non-rentable state.",2/2/2026,5.2.2026,117368,https://backoffice.roadsurfer.com/vehicles/3276/edit,no Problem,3.2.2026 13:55,117434.0,3.2.2026 13:17,66
ZFA25000002Y54075,WI RS 5454,Weinsberg,weinsberg_caratour_540_mq_fiat_ducato_8,Bremen,IN_FLEET,MAINTENANCE,"HU/AU placeholder *Fleet 06.02:  Spiegel müssen ausgetauscht werden, Problem mit dem Ölsensor *Stefan  Mirrors need to be replaced, problem with the oil sensor *Stefan",19/1/2026,6.2.2026,54697,https://backoffice.roadsurfer.com/vehicles/12895/edit,no Problem,3.2.2026 20:07,54726.0,3.2.2026 08:05,29
WMA36VUY3N9019771,LJ23ACX,Knaus,knaus_boxdrive_600_xl_man_tge,Bristol,IN_FLEET,MAINTENANCE,Truma underbody piping  has been badly damaged - could be causing the trauma error code.  Oil change appointment booked and completed 17/01/26 / Rosie Lyall,1/12/2025,15.2.2026,87005,https://backoffice.roadsurfer.com/vehicles/6710/edit,no Problem,4.2.2026 00:12,87061.0,3.2.2026 12:11,56
WMA36VUY4R9017405,FJ24HMA,Knaus,knaus_boxdrive_600_xl_man_tge,Bristol,IN_FLEET,SEASON_PREPARATION_AFTER_WINTER,,18/5/2026,20.5.2026,50533,https://backoffice.roadsurfer.com/vehicles/10935/edit,no Problem,4.2.2026 00:44,50581.0,3.2.2026 12:43,48
ZFA25000002W32171,WI RS 4314,Knaus,knaus_boxlife_540_mq_fiat_ducato_8,Brussels,IN_FLEET,,,,,63009,https://backoffice.roadsurfer.com/vehicles/5154/edit,no Problem,3.2.2026 23:58,64002.0,3.2.2026 11:55,993
VF3YLCPFBNG028347,WI RS 5112,Knaus,knaus_boxlife_540_mq_peugeot_boxer_7,Brussels,IN_FLEET,BLOCK_VEHICLE,Former Deferral vehicle - M&R still to be done,20/11/2025,7.2.2026,83847,https://backoffice.roadsurfer.com/vehicles/5259/edit,no Problem,3.2.2026 21:16,83889.0,3.2.2026 09:15,42
ZFA25000002W02169,WI RS 3599,Bürstner,burstner_eliseo_c540_fiat_ducato_8,Brussels,IN_FLEET,,,,,71135,https://backoffice.roadsurfer.com/vehicles/7102/edit,no Problem,3.2.2026 20:35,71756.0,3.2.2026 20:35,621
WV1ZZZSY2N9051206,WI RS 2374,Volkswagen,vw_grand_california_600_vw_crafter_2,Brussels,IN_FLEET,SEASON_PREPARATION_AFTER_WINTER,,23/2/2026,25.2.2026,88820,https://backoffice.roadsurfer.com/vehicles/7289/edit,no Problem,4.2.2026 00:04,88875.0,3.2.2026 12:03,55
WF0LXXTA0LSU69620,WI RC 2128,Ford,ford_nugget_ford_transit_custom_v710,Brussels,IN_FLEET,,,,,12528,https://backoffice.roadsurfer.com/vehicles/15348/edit,no Problem,3.2.2026 22:43,12554.0,3.2.2026 10:42,26
3C6MRVJG2PE570512,WW740F,Winnebago,winnebago_solis_59px_ram_promaster,Calgary,IN_FLEET,MAINTENANCE,"At Swift RV Repair for repair and quotes for any found damage/missing items - Pick up in Feb 2026 Repair deferred until 2026 Central decision Damage department RV is back at station, quoted at Swift RV Repair Quote received - $4814.25 - waiting on HQ a",10/10/2025,31.3.2026,26269,https://backoffice.roadsurfer.com/vehicles/13261/edit,no Problem,3.2.2026 20:38,26338.0,3.2.2026 20:38,69
1FDWE3FN6SDD39059,XA375M,Thor motor coach,tmc_four_winds_21z_ford_e350,Calgary,IN_FLEET,MAINTENANCE,"At Swift RV Repair for repair - pick up in  Feb 2026 Repair deferred until 2026 Central decision Damage department Quote received - $6284.25, waiting for HQ approval  Dropped RV at Swift RV repair for insurance estimate and repair July 23rd QY Bucars ",2/7/2025,31.3.2026,8020,https://backoffice.roadsurfer.com/vehicles/14021/edit,no Problem,3.2.2026 21:32,8181.0,2.2.2026 21:31,161
WF01XXTTG1NG17715,WI RC 1451,Ford,ford_nugget_ford_transit_custom_v362,Cologne-Bonn,IN_FLEET,SEASON_PREPARATION_AFTER_WINTER,,24/3/2026,26.3.2026,59126,https://backoffice.roadsurfer.com/vehicles/4526/edit,no Problem,3.2.2026 15:47,59176.0,2.2.2026 15:45,50
WV2ZZZ7HZPH065292,WI RS 4080,Volkswagen,vw_california_ocean_t61,Cologne-Bonn,IN_FLEET,MAINTENANCE,HU/AU placeholder *Fleet,5/2/2026,5.2.2026,74116,https://backoffice.roadsurfer.com/vehicles/8068/edit,no Problem,4.2.2026 03:45,74245.0,3.2.2026 15:44,129
WV2ZZZ7HZRH074174,WI RS 6772,Volkswagen,vw_california_beach_t61,Cologne-Bonn,IN_FLEET,SEASON_PREPARATION_AFTER_WINTER,,23/2/2026,25.2.2026,57826,https://backoffice.roadsurfer.com/vehicles/12240/edit,no Problem,4.2.2026 00:14,57863.0,2.2.2026 12:13,37
WF01XXTTG1PJ54617,WI RC 1578,Ford,ford_nugget_plus_ford_transit_custom_v362,Cologne-Bonn,IN_FLEET,MAINTENANCE,"repair declined, vehicle back at station: Magdalinski 19.01., WSO sent 15.01. / accident vehicle / window, right back pillar, right bumper / SH",20/10/2025,20.3.2026,49611,https://backoffice.roadsurfer.com/vehicles/11391/edit,no Problem,4.2.2026 04:03,49660.0,2.2.2026 16:03,49
WF0EXXTTRENB26985,WI RS 8525,Bürstner,burstner_signeo_c590_ford_transit_v363,Cologne-Bonn,IN_FLEET,TRANSFER,,25/3/2026,1.4.2026,72553,https://backoffice.roadsurfer.com/vehicles/9234/edit,no Problem,3.2.2026 22:09,72577.0,2.2.2026 10:08,24
WV2ZZZST3SH026655,WI RC 1669,Volkswagen,vw_new_california_ocean_multivan_life,Cologne-Bonn,IN_FLEET,SEASON_PREPARATION_AFTER_WINTER,,23/3/2026,25.3.2026,19853,https://backoffice.roadsurfer.com/vehicles/14934/edit,no Problem,4.2.2026 02:09,19925.0,2.2.2026 14:07,72
VF3YLCPFCNG028120,M RS 3910,Knaus,knaus_boxlife_600_mq_peugeot_boxer_7,Cologne-Bonn ext. parking,IN_FLEET,SEASON_PREPARATION_AFTER_WINTER,,23/3/2026,25.3.2026,98591,https://backoffice.roadsurfer.com/vehicles/5391/edit,no Problem,3.2.2026 21:42,98637.0,2.2.2026 09:40,46
ZFA25000002Y64210,WI RS 5862,Knaus,knaus_boxlife_540_mq_fiat_ducato_8,Cologne-Dusseldorf,IN_FLEET,MAINTENANCE,Repair deferred until 2026 Nobleglass Termin offen / Austausch WSS / KS,20/10/2025,13.2.2026,24094,https://backoffice.roadsurfer.com/vehicles/11662/edit,no Problem,4.2.2026 00:25,24116.0,3.2.2026 12:23,22
W1V44781313962697,WI RS 1560,Mercedes Benz,mb_marco_polo_v_klasse,Cologne-Dusseldorf,IN_FLEET,MAINTENANCE,Kniest  Termin offen / Backup  Bettery Error / KS,3/2/2026,20.2.2026,124493,https://backoffice.roadsurfer.com/vehicles/4756/edit,no Problem,3.2.2026 15:35,124515.0,2.2.2026 15:34,22
ZFA25000002Z17557,WI RS 7342,LMC,lmc_innovan_600_fiat_ducato_8,Cologne-Dusseldorf,IN_FLEET,MAINTENANCE,Euromaster Termin offen / Ölservice / KS,20/9/2025,14.2.2026,44601,https://backoffice.roadsurfer.com/vehicles/13051/edit,no Problem,3.2.2026 22:50,44658.0,3.2.2026 10:49,57
ZFA25000002Y82134,WI RS 7661,Hymer,hymer_ayers_rock_540_fiat_ducato_8,Constance,IN_FLEET,MAINTENANCE,"needs to go to a workshop, WSO to be done/ tire change / SH TBD // repair deferred until 2026 – central decision damage department *Nadine HU/AU & front tires // EM Singen *Yohani",19/10/2025,31.3.2026,35439,https://backoffice.roadsurfer.com/vehicles/11571/edit,no Problem,3.2.2026 16:31,35476.0,3.2.2026 16:31,37
ZFA25000002Y29679,WI RS 5661,Knaus,knaus_boxlife_540_mq_fiat_ducato_8,Constance,IN_FLEET,MAINTENANCE,HU/AU & cruise control // VAZ Fiat *Yohani  stonechip windshield; ask for appointement // truma error // rear view camera no working // cruise control not working *Nadine,3/1/2026,8.2.2026,37930,https://backoffice.roadsurfer.com/vehicles/11661/edit,no Problem,4.2.2026 04:03,37985.0,3.2.2026 14:38,55
WV2ZZZ7HZMH109587,M RC 3364,Volkswagen,vw_california_ocean_t61,Constance,IN_FLEET,SEASON_PREPARATION_AFTER_WINTER,,23/3/2026,25.3.2026,115724,https://backoffice.roadsurfer.com/vehicles/3080/edit,no Problem,4.2.2026 03:05,115858.0,3.2.2026 15:05,134
WV2ZZZ7HZPH070020,WI RS 4115,Volkswagen,vw_california_beach_t61,Constance,IN_FLEET,SEASON_PREPARATION_AFTER_WINTER,,9/2/2026,11.2.2026,85339,https://backoffice.roadsurfer.com/vehicles/8718/edit,no Problem,4.2.2026 01:01,85456.0,3.2.2026 13:00,117
ZFA25000002Y19662,WI RS 5510,Weinsberg,weinsberg_caratour_540_mq_fiat_ducato_8,Constance,IN_FLEET,MAINTENANCE,"HU/AU placeholder *Fleet HU/AU, oil & central locking system // FIAT VAZ 29.01 *Yohani",15/1/2026,13.2.2026,57330,https://backoffice.roadsurfer.com/vehicles/12781/edit,no Problem,4.2.2026 03:31,57382.0,3.2.2026 15:29,52
ZFA25000002X89601,WI RS 5609,Bürstner,burstner_eliseo_c540_fiat_ducato_8,Constance,IN_FLEET,MAINTENANCE,"HU/AU, oil, new tires & central locking system // VAZ *Yohani needs to go to a workshop, WSO to be send / tires, oil service / SH TBD // repair deferred until 2026 – central decision damage department *Nadine HU/AU, oil, tires & central lock // FIAT VAZ",19/10/2025,1.3.2026,48513,https://backoffice.roadsurfer.com/vehicles/11224/edit,no Problem,3.2.2026 16:05,48564.0,3.2.2026 15:54,51
WF0EXXTTRERB55813,WI RS 6480,Weinsberg,weinsberg_caratour_600_mq_ford_transit_v363,Constance,IN_FLEET,MAINTENANCE,"HU/AU, Service & seat heater not functioning driver´s side // Ford Singen *Yohani",19/1/2026,14.2.2026,40753,https://backoffice.roadsurfer.com/vehicles/13011/edit,no Problem,4.2.2026 02:04,40794.0,2.2.2026 14:03,41
3C6MRVUG8RE104551,CRS5696,Thor motor coach,thor_motor_coach_dazzle_2lb,Denver,IN_FLEET,,,,,36717,https://backoffice.roadsurfer.com/vehicles/13967/edit,no Problem,3.2.2026 19:11,36787.0,2.2.2026 19:10,70
3C6MRVJG2RE104114,CRS2124,Winnebago,winnebago_solis_59px_ram_promaster,Denver,IN_FLEET,SEASON_PREPARATION_AFTER_WINTER,2,23/3/2026,25.3.2026,43066,https://backoffice.roadsurfer.com/vehicles/13896/edit,no Problem,4.2.2026 03:55,43127.0,3.2.2026 15:54,61
1FDWE3FN7RDD46595,CRS1309,Thor motor coach,tmc_four_winds_22e_ford_e350,Denver,IN_FLEET,,,,,89674,https://backoffice.roadsurfer.com/vehicles/10493/edit,no Problem,3.2.2026 20:07,89995.0,3.2.2026 20:07,321
WV2ZZZ7HZNH047434,WI RS 2068,Volkswagen,vw_california_ocean_t61,Dresden,IN_FLEET,MAINTENANCE,Termin VW 03.02. TOm,17/10/2025,6.2.2026,98711,https://backoffice.roadsurfer.com/vehicles/6360/edit,no Problem,4.2.2026 03:59,98762.0,3.2.2026 15:57,51
WV2ZZZ7HZPH055681,WI RS 3690,Volkswagen,vw_california_ocean_t61,Dresden,IN_FLEET,SEASON_PREPARATION_AFTER_WINTER,,13/4/2026,15.4.2026,84633,https://backoffice.roadsurfer.com/vehicles/7980/edit,no Problem,4.2.2026 00:29,84657.0,3.2.2026 12:28,24
WV2ZZZ7HZPH069034,WI RS 4054,Volkswagen,vw_california_ocean_t61,Dresden,IN_FLEET,SEASON_PREPARATION_AFTER_WINTER,,23/2/2026,25.2.2026,86750,https://backoffice.roadsurfer.com/vehicles/8127/edit,no Problem,3.2.2026 23:58,86781.0,3.2.2026 11:57,31
WV2ZZZ7HZRH060578,WI RS 5938,Volkswagen,vw_california_ocean_t61,Dresden,IN_FLEET,SEASON_PREPARATION_AFTER_WINTER,,9/3/2026,11.3.2026,65063,https://backoffice.roadsurfer.com/vehicles/12428/edit,no Problem,4.2.2026 01:58,65149.0,3.2.2026 13:57,86
WV2ZZZ7HZRH065587,WI RS 6276,Volkswagen,vw_california_beach_t61,Dresden,IN_FLEET,SEASON_PREPARATION_AFTER_WINTER,,24/2/2026,26.2.2026,52008,https://backoffice.roadsurfer.com/vehicles/12329/edit,no Problem,4.2.2026 04:47,52067.0,3.2.2026 06:41,59
WMA36VUY9R9017299,FJ24HNX,Knaus,knaus_boxdrive_600_xl_man_tge,Edinburgh,IN_FLEET,,,,,67658,https://backoffice.roadsurfer.com/vehicles/10932/edit,no Problem,4.2.2026 01:41,67729.0,2.2.2026 13:40,71
ZFA25000002V83868,FJ23BWC,Knaus,knaus_boxlife_600_mq_fiat_ducato_8,Edinburgh,IN_FLEET,MAINTENANCE,Armits - Driver door damage,2/2/2026,26.2.2026,46368,https://backoffice.roadsurfer.com/vehicles/6737/edit,no Problem,3.2.2026 10:31,46445.0,2.2.2026 10:30,77
ZFA25000002Y71790,FH24GZZ,Bürstner,burstner_eliseo_602c_fiat_ducato,Edinburgh,IN_FLEET,MAINTENANCE,AM Phillips - EML,14/1/2026,30.4.2026,59466,https://backoffice.roadsurfer.com/vehicles/10907/edit,no Problem,3.2.2026 15:28,59507.0,2.2.2026 15:27,41
WV2ZZZ7HZRH066098,GF24HAO,Volkswagen,vw_california_ocean_t61,Edinburgh,IN_FLEET,MAINTENANCE,VW - Interim Service - 2/2,21/1/2026,9.2.2026,62248,https://backoffice.roadsurfer.com/vehicles/11041/edit,no Problem,3.2.2026 23:15,62301.0,3.2.2026 11:15,53
WV2ZZZ7HZPH029970,GK23NXT,Volkswagen,vw_california_ocean_t61,Edinburgh,IN_FLEET,MAINTENANCE,VW - Tailgate Failure - 13/2,27/1/2026,28.2.2026,75382,https://backoffice.roadsurfer.com/vehicles/8518/edit,no Problem,3.2.2026 23:29,75420.0,2.2.2026 11:28,38
WV2ZZZ7HZRH067758,GF24FFK,Volkswagen,vw_california_ocean_t61,Edinburgh,IN_FLEET,MAINTENANCE,VW - Full Service - 28/1,21/1/2026,6.2.2026,68350,https://backoffice.roadsurfer.com/vehicles/11044/edit,no Problem,3.2.2026 23:32,68498.0,2.2.2026 11:31,148
WV2ZZZ7HZRH065910,GF24JOA,Volkswagen,vw_california_ocean_t61,Edinburgh,IN_FLEET,MAINTENANCE,VW - Interim Service - 17/2,17/2/2026,23.2.2026,61795,https://backoffice.roadsurfer.com/vehicles/11036/edit,no Problem,3.2.2026 21:47,61985.0,3.2.2026 09:47,190
VF7YLBPFB12X11953,WI RS 4955,Bürstner,burstner_campeo_c540_citroen_jumper_7,Erfurt,IN_FLEET,SEASON_PREPARATION_AFTER_WINTER,,20/4/2026,22.4.2026,62318,https://backoffice.roadsurfer.com/vehicles/9006/edit,no Problem,3.2.2026 14:48,62349.0,2.2.2026 14:47,31
WF0EXXTTRERB62032,BT-22-TF,Weinsberg,weinsberg_caratour_600_mq_ford_transit_v363,Faro,IN_FLEET,SALES_READY,,2/2/2026,6.2.2026,41733,https://backoffice.roadsurfer.com/vehicles/12947/edit,no Problem,4.2.2026 02:39,41756.0,3.2.2026 14:37,23
WV2ZZZ7HZPH061669,WI RS 3980,Volkswagen,vw_california_ocean_t61,Florence,IN_FLEET,MAINTENANCE,To take appointment,30/12/2025,28.2.2026,72428,https://backoffice.roadsurfer.com/vehicles/8041/edit,no Problem,4.2.2026 01:38,72456.0,3.2.2026 13:38,28
WV2ZZZ7HZNH047139,WI RS 1869,Volkswagen,vw_california_ocean_t61,Florence,IN_FLEET,,,,,84853,https://backoffice.roadsurfer.com/vehicles/6326/edit,no Problem,4.2.2026 01:09,84885.0,3.2.2026 13:07,32
WV2ZZZ7HZNH062686,WI RS 1923,Volkswagen,vw_california_ocean_t61,Florence,IN_FLEET,MAINTENANCE,Screen of camping function not working. deferral,10/10/2025,16.3.2026,88649,https://backoffice.roadsurfer.com/vehicles/6619/edit,no Problem,4.2.2026 02:08,88977.0,3.2.2026 14:07,328
WV2ZZZ7HZNH047889,WI RS 1272,Volkswagen,vw_california_ocean_t61,Florence,IN_FLEET,TRANSFER,,11/2/2026,21.2.2026,85728,https://backoffice.roadsurfer.com/vehicles/6350/edit,no Problem,4.2.2026 01:10,85829.0,3.2.2026 13:09,101
WV2ZZZ7HZPH086200,WI RS 4643,Volkswagen,vw_california_ocean_t61,Florence,IN_FLEET,,,,,53744,https://backoffice.roadsurfer.com/vehicles/8178/edit,no Problem,3.2.2026 18:34,53790.0,3.2.2026 18:34,46
WV2ZZZ7HZRH076300,WI RS 7036,Volkswagen,vw_california_beach_t61,Florence,IN_FLEET,TRANSFER,,14/2/2026,24.2.2026,46778,https://backoffice.roadsurfer.com/vehicles/13359/edit,no Problem,4.2.2026 02:04,47265.0,3.2.2026 14:03,487
WV2ZZZ7HZNH049275,WI RS 1068,Volkswagen,vw_california_beach_t61,Florence,IN_FLEET,,,,,106814,https://backoffice.roadsurfer.com/vehicles/5730/edit,no Problem,4.2.2026 01:27,107112.0,3.2.2026 13:26,298
WV2ZZZ7HZRH077178,WI RS 6652,Volkswagen,vw_california_beach_t61,Florence,IN_FLEET,TRANSFER,,16/3/2026,23.3.2026,50968,https://backoffice.roadsurfer.com/vehicles/13379/edit,no Problem,4.2.2026 05:39,51060.0,3.2.2026 17:38,92
VF3YCCPFC12V70728,M RS 1256,Knaus,knaus_boxlife_600_mq_peugeot_boxer_7,Florence,IN_FLEET,MAINTENANCE,,6/2/2026,12.4.2026,69966,https://backoffice.roadsurfer.com/vehicles/5384/edit,no Problem,3.2.2026 21:40,70062.0,2.2.2026 09:39,96
VF3YLCPFCNG024189,WI RS 5100,Knaus,knaus_boxlife_600_mq_peugeot_boxer_7,Florence,IN_FLEET,MAINTENANCE,At workshop,29/12/2025,28.2.2026,52742,https://backoffice.roadsurfer.com/vehicles/7706/edit,no Problem,4.2.2026 01:07,52824.0,3.2.2026 13:06,82
ZFA25000002X96163,WI RS 5985,Bürstner,burstner_eliseo_c540_fiat_ducato_8,Florence,IN_FLEET,MAINTENANCE,to take appointment with bini,7/1/2026,5.2.2026,59284,https://backoffice.roadsurfer.com/vehicles/11197/edit,no Problem,4.2.2026 05:33,59306.0,3.2.2026 17:32,22
WV2ZZZ7HZPH077468,WI RS 4381,Volkswagen,vw_california_ocean_t61,Frankfurt,IN_FLEET,MAINTENANCE,HU/AU placeholder *Fleet,16/3/2026,16.3.2026,66064,https://backoffice.roadsurfer.com/vehicles/8324/edit,no Problem,3.2.2026 09:24,66156.0,3.2.2026 09:24,92
WV2ZZZ7HZPH070950,WI RS 4203,Volkswagen,vw_california_ocean_t61,Frankfurt,IN_FLEET,SEASON_PREPARATION_AFTER_WINTER,,30/3/2026,1.4.2026,85095,https://backoffice.roadsurfer.com/vehicles/8137/edit,no Problem,4.2.2026 04:14,85213.0,3.2.2026 16:13,118
WV2ZZZ7HZNH047255,WI RS 8045,Volkswagen,vw_california_ocean_t61,Frankfurt,IN_FLEET,SEASON_PREPARATION_AFTER_WINTER,,23/2/2026,25.2.2026,102599,https://backoffice.roadsurfer.com/vehicles/6330/edit,no Problem,4.2.2026 02:56,102628.0,3.2.2026 14:55,29
WV2ZZZ7HZPH057519,WI RS 3859,Volkswagen,vw_california_ocean_t61,Frankfurt,IN_FLEET,BLOCK_VEHICLE,"This event was created automatically due to the creation of the damage (ID451539), which caused a transition of the vehicle into a non-rentable state.",4/2/2026,7.2.2026,71123,https://backoffice.roadsurfer.com/vehicles/8004/edit,no Problem,3.2.2026 14:55,71157.0,3.2.2026 14:55,34
WV2ZZZ7HZRH038701,WI RS 5254,Volkswagen,vw_california_ocean_t61,Frankfurt,IN_FLEET,MAINTENANCE,HU/AU placeholder *Fleet,7/2/2026,7.2.2026,68938,https://backoffice.roadsurfer.com/vehicles/10689/edit,no Problem,4.2.2026 02:47,68966.0,3.2.2026 14:46,28
WV2ZZZ7HZPH061552,WI RS 3973,Volkswagen,vw_california_ocean_t61,Frankfurt,IN_FLEET,SEASON_PREPARATION_AFTER_WINTER,,23/2/2026,25.2.2026,81085,https://backoffice.roadsurfer.com/vehicles/8023/edit,no Problem,4.2.2026 00:46,81170.0,2.2.2026 12:46,85
WV2ZZZ7HZPH081879,WI RS 4466,Volkswagen,vw_california_ocean_t61,Frankfurt,IN_FLEET,MAINTENANCE,@VW -  Rooftop hydraulik is broken - ölstand reduzieren / PK,2/11/2025,28.2.2026,74026,https://backoffice.roadsurfer.com/vehicles/8259/edit,no Problem,3.2.2026 22:31,74090.0,2.2.2026 10:30,64
WV2ZZZ7HZPH055277,WI RS 3683,Volkswagen,vw_california_beach_t61,Frankfurt,IN_FLEET,MAINTENANCE,@KFZ Schadenszentrum - TÜV failed / PK,20/1/2026,7.2.2026,87636,https://backoffice.roadsurfer.com/vehicles/8600/edit,no Problem,3.2.2026 18:14,87811.0,2.2.2026 18:13,175
WV1ZZZSY8R9042435,WI RS 5946,Volkswagen,vw_grand_california_600_vw_crafter_2,Frankfurt,IN_FLEET,MAINTENANCE,Repair deferred until 2026 – Central decision Damage department / diverse Damages  / ID,3/12/2025,28.2.2026,74678,https://backoffice.roadsurfer.com/vehicles/11826/edit,no Problem,3.2.2026 15:24,74768.0,2.2.2026 15:21,90
WF0EXXTTRERB60850,WI RS 6227,Weinsberg,weinsberg_caratour_600_mq_ford_transit_v363,Frankfurt,IN_FLEET,MAINTENANCE,@Ford - The navigation is not working / ID,3/2/2026,29.3.2026,54325,https://backoffice.roadsurfer.com/vehicles/12965/edit,no Problem,4.2.2026 01:08,54356.0,3.2.2026 13:07,31
WF0LXXTA8LSU69607,WI RC 2005,Ford,ford_nugget_ford_transit_custom_v710,Frankfurt,IN_FLEET,MAINTENANCE,"'@Ford - Recall 25B44 - control panel is touch-sensitive. Possible loss of function (LED lighting, auxiliary heating). Requires software update via OEM service campaign. ( airtable list ) /  PK",2/2/2026,7.2.2026,25592,https://backoffice.roadsurfer.com/vehicles/15345/edit,no Problem,3.2.2026 22:56,25670.0,3.2.2026 10:56,78
WF0EXXTTRERB60816,WI RS 6523,Weinsberg,weinsberg_caratour_600_mq_ford_transit_v363,Frankfurt ext. parking,IN_FLEET,BLOCK_VEHICLE,summer tires *Felix,2/11/2025,31.3.2026,57989,https://backoffice.roadsurfer.com/vehicles/12976/edit,no Problem,4.2.2026 00:35,58388.0,3.2.2026 12:34,399
WF0EXXTTREPM31617,WI RS 6326,Weinsberg,weinsberg_caratour_600_mq_ford_transit_v363,Frankfurt ext. parking,IN_FLEET,BLOCK_VEHICLE,summer tires *Felix,2/11/2025,31.3.2026,48509,https://backoffice.roadsurfer.com/vehicles/12942/edit,no Problem,3.2.2026 22:30,48530.0,3.2.2026 10:23,21
ZFA25000002V86388,WI RS 3569,Knaus,knaus_boxlife_600_mq_fiat_ducato_8,Freiburg-Basel (Germany),IN_FLEET,MAINTENANCE,Prio // Getriebeschaden - Freigabe erteilt Fzg. in Rep. Fertigstellung im Januar (VAZ  Freiburg) *DCM Julian,4/9/2025,28.2.2026,89154,https://backoffice.roadsurfer.com/vehicles/5324/edit,no Problem,4.2.2026 01:07,89204.0,2.2.2026 13:06,50
WV2ZZZ7HZNH034317,WI RS 1340,Volkswagen,vw_california_ocean_t61,Freiburg-Basel (Germany),IN_FLEET,SEASON_PREPARATION_AFTER_WINTER,,23/3/2026,25.3.2026,84217,https://backoffice.roadsurfer.com/vehicles/5957/edit,no Problem,4.2.2026 01:34,84285.0,2.2.2026 13:34,68
WV2ZZZ7HZPH077250,WI RS 4378,Volkswagen,vw_california_ocean_t61,Freiburg-Basel (Germany),IN_FLEET,SEASON_PREPARATION_AFTER_WINTER,,9/2/2026,11.2.2026,56021,https://backoffice.roadsurfer.com/vehicles/8319/edit,no Problem,3.2.2026 15:44,56044.0,2.2.2026 15:43,23
WV2ZZZ7HZRH052185,WI RS 5776,Volkswagen,vw_california_ocean_t61,Freiburg-Basel (Germany),IN_FLEET,MAINTENANCE,Inspection + Oil-Service overdue *Robin,28/10/2025,14.2.2026,39225,https://backoffice.roadsurfer.com/vehicles/12416/edit,no Problem,4.2.2026 02:30,39416.0,3.2.2026 14:29,191
ZFA25000002Y19573,WI RS 5516,Weinsberg,weinsberg_caratour_540_mq_fiat_ducato_8,Freiburg-Basel (Germany),IN_FLEET,MAINTENANCE,Kompressor vom Kühlschrank kaputt -Techniker müssen klären ob neuer Kühlschrank oder repariert werden muss  *Larissa,2/10/2024,31.3.2026,21689,https://backoffice.roadsurfer.com/vehicles/12732/edit,no Problem,4.2.2026 04:00,21854.0,3.2.2026 15:59,165
WV1ZZZSY5P9041580,WI RS 4149,Volkswagen,vw_grand_california_600_vw_crafter_2,Freiburg-Basel (Germany),IN_FLEET,BLOCK_VEHICLE,"This event was created automatically due to the creation of the damage (ID447274), which caused a transition of the vehicle into a non-rentable state.",12/1/2026,28.2.2026,60911,https://backoffice.roadsurfer.com/vehicles/8979/edit,no Problem,4.2.2026 03:35,60934.0,3.2.2026 15:34,23
WV1ZZZSY1R9045614,WI RS 6151,Volkswagen,vw_grand_california_600_vw_crafter_2,Freiburg-Basel (Germany),IN_FLEET,SEASON_PREPARATION_AFTER_WINTER,,16/2/2026,18.2.2026,53263,https://backoffice.roadsurfer.com/vehicles/11894/edit,no Problem,3.2.2026 10:06,53297.0,3.2.2026 10:06,34
WV2ZZZST5SH024101,WI RC 1932,Volkswagen,vw_new_california_ocean_multivan_life,Freiburg-Basel (Germany),IN_FLEET,BLOCK_VEHICLE,"This event was created automatically due to the creation of the damage (ID422363), which caused a transition of the vehicle into a non-rentable state.",27/10/2025,7.2.2026,9002,https://backoffice.roadsurfer.com/vehicles/16008/edit,no Problem,3.2.2026 21:41,9029.0,2.2.2026 15:19,27
W1V44781313955769,WI RS 1996,Mercedes Benz,mb_marco_polo_v_klasse,Geneva-Pays de Gex,IN_FLEET,BLOCK_VEHICLE,"rpc made, roof problem? *baptiste",17/12/2025,6.3.2026,96167,https://backoffice.roadsurfer.com/vehicles/4827/edit,no Problem,4.2.2026 01:29,96728.0,3.2.2026 13:28,561
WF01XXTTG1NP85066,WI RC 1328,Ford,ford_nugget_ford_transit_custom_v362,Geneva-Pays de Gex,IN_FLEET,MAINTENANCE,Repair deferred until 2026 - central decision from damage team oil change needed*Julien,26/9/2025,7.2.2026,38675,https://backoffice.roadsurfer.com/vehicles/4454/edit,no Problem,4.2.2026 02:34,38740.0,3.2.2026 14:33,65
WV2ZZZ7HZNH043669,WI RS 1751,Volkswagen,vw_california_ocean_t61,Geneva-Pays de Gex,IN_FLEET,MAINTENANCE,Oil change needed*Julien,13/10/2025,13.2.2026,96552,https://backoffice.roadsurfer.com/vehicles/6157/edit,no Problem,4.2.2026 02:06,96573.0,3.2.2026 14:05,21
WV2ZZZ7HZPH053478,WI RS 3627,Volkswagen,vw_california_beach_t61,Geneva-Pays de Gex,IN_FLEET,TRANSFER,,17/3/2026,24.3.2026,67004,https://backoffice.roadsurfer.com/vehicles/8661/edit,no Problem,4.2.2026 03:00,67444.0,3.2.2026 14:59,440
WV2ZZZST7SH024391,WI RC 1911,Volkswagen,vw_new_california_ocean_multivan_life,Geneva-Pays de Gex,IN_FLEET,,,,,14509,https://backoffice.roadsurfer.com/vehicles/14927/edit,no Problem,4.2.2026 00:54,14558.0,2.2.2026 12:53,49
WV2ZZZ7HZNH046082,WI RS 1171,Volkswagen,vw_california_ocean_t61,Gothenburg,IN_FLEET,SEASON_PREPARATION_AFTER_WINTER,,9/3/2026,11.3.2026,101127,https://backoffice.roadsurfer.com/vehicles/6223/edit,no Problem,3.2.2026 23:18,101400.0,3.2.2026 11:17,273
WV2ZZZ7HZRH039368,WI RS 5264,Volkswagen,vw_california_ocean_t61,Gothenburg,IN_FLEET,MAINTENANCE,"REPAIR STOP / Oil service and inspection due, budget for March / at station / Jessica",30/10/2025,13.2.2026,60884,https://backoffice.roadsurfer.com/vehicles/10664/edit,no Problem,4.2.2026 02:15,60906.0,2.2.2026 14:14,22
WV2ZZZ7HZPH061623,WI RS 3979,Volkswagen,vw_california_ocean_t61,Gothenburg,IN_FLEET,SEASON_PREPARATION_AFTER_WINTER,,16/3/2026,18.3.2026,83266,https://backoffice.roadsurfer.com/vehicles/8018/edit,no Problem,3.2.2026 23:44,83541.0,3.2.2026 11:44,275
WV2ZZZ7HZRH047784,WI RS 5338,Volkswagen,vw_california_beach_t61,Gothenburg,IN_FLEET,SEASON_PREPARATION_AFTER_WINTER,,23/3/2026,25.3.2026,53764,https://backoffice.roadsurfer.com/vehicles/12198/edit,no Problem,3.2.2026 23:17,54034.0,3.2.2026 11:16,270
WV1ZZZSY3R9066836,WI RS 7392,Volkswagen,vw_grand_california_600_vw_crafter_2,Gothenburg,IN_FLEET,MAINTENANCE,"Service needed, booked at Euromaster 03.02 / at workshop / Jessica",13/10/2025,5.2.2026,47836,https://backoffice.roadsurfer.com/vehicles/12177/edit,no Problem,4.2.2026 02:30,47857.0,3.2.2026 14:29,21
WV1ZZZSY3R9043038,WI RS 5819,Volkswagen,vw_grand_california_600_vw_crafter_2,Gothenburg,IN_FLEET,BLOCK_VEHICLE,Former Deferral vehicle - M&R still to be done,27/1/2026,28.2.2026,65367,https://backoffice.roadsurfer.com/vehicles/12168/edit,no Problem,4.2.2026 04:20,65660.0,3.2.2026 16:19,293
ZFA25000002Z11187,WI RS 7724,Bürstner,burstner_limited_t660_citroen_jumper_7,Gothenburg,IN_FLEET,BLOCK_VEHICLE,Former Deferral vehicle - M&R still to be done,2/2/2026,28.2.2026,44278,https://backoffice.roadsurfer.com/vehicles/10765/edit,no Problem,4.2.2026 02:27,44578.0,3.2.2026 14:26,300
VF3YGCPAU12V64606,M RS 1529,Knaus,knaus_sky_wave_650_mf_peugeot_boxer_7,Graz,IN_FLEET,MAINTENANCE,Duschwand defekt / Klimaanlage defekt / Campingbatterie defekt / Verschoben auf 2026 / 10.09 *Flo,18/10/2025,6.2.2026,56551,https://backoffice.roadsurfer.com/vehicles/5598/edit,no Problem,3.2.2026 13:19,56583.0,3.2.2026 13:16,32
VF3YGCPAU12V48582,M RS 1474,Knaus,knaus_sky_wave_650_mf_peugeot_boxer_7,Graz,IN_FLEET,BLOCK_VEHICLE,Former Deferral vehicle - M&R still to be done,15/1/2026,12.2.2026,48394,https://backoffice.roadsurfer.com/vehicles/5574/edit,no Problem,3.2.2026 22:08,48426.0,2.2.2026 10:06,32
WMA31VUY1P9010648,WI RS 3911,Knaus,knaus_van_ti_640_man_tge,Graz,IN_FLEET,BLOCK_VEHICLE,summer tires *Felix,31/10/2025,30.3.2026,54347,https://backoffice.roadsurfer.com/vehicles/9944/edit,no Problem,3.2.2026 21:03,54377.0,3.2.2026 09:01,30
WV2ZZZ7HZRH059549,WI RS 5919,Volkswagen,vw_california_ocean_t61,Hamburg,IN_FLEET,BLOCK_VEHICLE,Former Deferral vehicle - M&R still to be done,24/1/2026,28.2.2026,37762,https://backoffice.roadsurfer.com/vehicles/12447/edit,no Problem,4.2.2026 03:42,37784.0,3.2.2026 15:40,22
WV2ZZZ7HZRH060216,WI RS 6120,Volkswagen,vw_california_beach_t61,Hamburg,IN_FLEET,MAINTENANCE,Inspektion und Ölservice bei EM *Lars,29/1/2026,11.2.2026,39461,https://backoffice.roadsurfer.com/vehicles/12276/edit,no Problem,4.2.2026 02:33,39503.0,3.2.2026 14:32,42
WV2ZZZ7HZRH076570,WI RS 6657,Volkswagen,vw_california_beach_t61,Hamburg,IN_FLEET,MAINTENANCE,Reifen neu und Batterie?? *Julia,21/1/2026,28.2.2026,63810,https://backoffice.roadsurfer.com/vehicles/12239/edit,no Problem,3.2.2026 11:12,63916.0,3.2.2026 11:11,106
ZFA25000002Z39994,WI RS 7539,LMC,lmc_innovan_600_fiat_ducato_8,Hamburg,IN_FLEET,MAINTENANCE,Glühkerzen müssen gecheckt werden *Julia,23/10/2025,18.2.2026,62981,https://backoffice.roadsurfer.com/vehicles/13099/edit,no Problem,3.2.2026 22:18,63040.0,3.2.2026 10:16,59
ZFA25000002W64812,WI RS 4329,Knaus,knaus_boxlife_540_mq_fiat_ducato_8,Hannover,IN_FLEET,MAINTENANCE,HU/AU placeholder *Fleet,2/2/2026,7.2.2026,76710,https://backoffice.roadsurfer.com/vehicles/5198/edit,no Problem,4.2.2026 03:29,76732.0,3.2.2026 15:27,22
ZFA25000002W29184,WI RS 3472,Knaus,knaus_boxlife_540_mq_fiat_ducato_8,Hannover,IN_FLEET,MAINTENANCE,HU/AU placeholder *Fleet,2/2/2026,7.2.2026,59153,https://backoffice.roadsurfer.com/vehicles/5212/edit,no Problem,4.2.2026 02:30,59180.0,3.2.2026 14:27,27
WV2ZZZ7HZPH047229,WI RS 3439,Volkswagen,vw_california_beach_t61,Hannover,IN_FLEET,MAINTENANCE,backrest of rear seats can not be put in upwards position *Leon // can be put to deferral until Feb 26 *Leon,12/11/2025,28.2.2026,87175,https://backoffice.roadsurfer.com/vehicles/8538/edit,no Problem,4.2.2026 02:35,87567.0,3.2.2026 14:34,392
WV1ZZZSY7R9057492,WI RS 6770,Volkswagen,vw_grand_california_600_vw_crafter_2,Hannover,IN_FLEET,MAINTENANCE,HU/AU placeholder *Fleet,9/2/2026,13.2.2026,62220,https://backoffice.roadsurfer.com/vehicles/11994/edit,no Problem,4.2.2026 02:38,62241.0,3.2.2026 14:37,21
WV2ZZZST6SH028335,WI RC 1732,Volkswagen,vw_new_california_ocean_multivan_life,Hannover,IN_FLEET,MAINTENANCE,HU/AU placeholder *Fleet,23/2/2026,27.2.2026,18469,https://backoffice.roadsurfer.com/vehicles/14994/edit,no Problem,4.2.2026 01:28,18513.0,3.2.2026 13:27,44
WV2ZZZ7HZNH051623,WI RS 1422,Volkswagen,vw_california_beach_t61,Heidelberg,IN_FLEET,MAINTENANCE,HU/AU placeholder *Fleet,23/2/2026,23.2.2026,108234,https://backoffice.roadsurfer.com/vehicles/5813/edit,no Problem,4.2.2026 00:41,108319.0,2.2.2026 12:40,85
ZFA25000002Y94270,WI RS 6572,LMC,lmc_tourer_lift_h630_fiat_ducato_8,Heidelberg,IN_FLEET,MAINTENANCE,Heat exchanger had to be checked. Heating doesnt work,26/1/2026,28.2.2026,45706,https://backoffice.roadsurfer.com/vehicles/13184/edit,no Problem,4.2.2026 00:12,45730.0,3.2.2026 12:11,24
WF01XXTTG1NM85030,WI RC 1298,Ford,ford_nugget_ford_transit_custom_v362,Innsbruck,IN_FLEET,BLOCK_VEHICLE,Repair defered until 2026- Central decision damage department/ issue/employee,18/9/2025,30.3.2026,38032,https://backoffice.roadsurfer.com/vehicles/4416/edit,no Problem,3.2.2026 19:48,38082.0,3.2.2026 07:48,50
WV2ZZZ7HZNH052856,WI RS 1622,Volkswagen,vw_california_beach_t61,Innsbruck,IN_FLEET,MAINTENANCE,HU/AU placeholder *Fleet,2/2/2026,6.2.2026,61759,https://backoffice.roadsurfer.com/vehicles/5824/edit,no Problem,3.2.2026 15:50,61829.0,3.2.2026 15:50,70
WV2ZZZ7HZRH039042,WI RS 5296,Volkswagen,vw_california_beach_t61,Innsbruck,IN_FLEET,MAINTENANCE,HU/AU placeholder *Fleet,2/2/2026,6.2.2026,54219,https://backoffice.roadsurfer.com/vehicles/10659/edit,no Problem,3.2.2026 15:55,54269.0,3.2.2026 15:55,50
WV1ZZZSY8P9054419,WI RS 4247,Volkswagen,vw_grand_california_600_vw_crafter_2,Innsbruck,IN_FLEET,MAINTENANCE,HU/AU placeholder *Fleet,2/2/2026,6.2.2026,74445,https://backoffice.roadsurfer.com/vehicles/8923/edit,no Problem,4.2.2026 03:46,74505.0,3.2.2026 15:45,60
WF0LXXTA6LRR28396,WI RC 2058,Ford,ford_nugget_ford_transit_custom_v710,Innsbruck,IN_FLEET,SEASON_PREPARATION_AFTER_WINTER,,9/2/2026,11.2.2026,11964,https://backoffice.roadsurfer.com/vehicles/11442/edit,no Problem,4.2.2026 04:59,12028.0,3.2.2026 16:58,64
WF0LXXTA4LRT23759,WI RC 1819,Ford,ford_nugget_ford_transit_custom_v710,Innsbruck,IN_FLEET,SEASON_PREPARATION_AFTER_WINTER,,9/2/2026,11.2.2026,22850,https://backoffice.roadsurfer.com/vehicles/15491/edit,no Problem,4.2.2026 02:54,22896.0,2.2.2026 14:52,46
VF3YCCPFB12V26957,WI RS 2778,Weinsberg,weinsberg_caratour_540_mq_peugeot_boxer_7,Kassel,IN_FLEET,BLOCK_VEHICLE,@New Station///summer tires *Felix,8/11/2025,31.3.2026,62684,https://backoffice.roadsurfer.com/vehicles/5505/edit,no Problem,4.2.2026 02:13,62728.0,3.2.2026 14:12,44
WV2ZZZ7HZNH034214,WI RS 1132,Volkswagen,vw_california_ocean_t61,Kiel,IN_FLEET,MAINTENANCE,"Need to fix the fridge and order the piece *valerian TFJ Starterbatterie leer, Fahrzeug wird überbrückt und ein wenig bewegt / 02.01. Ron Batterie wieder geladen / Ron Mechanic Reparaturen laut Airtable Liste / Anschließend HU/AU und Gasprüfung / Ron",3/2/2026,22.2.2026,79587,https://backoffice.roadsurfer.com/vehicles/5952/edit,no Problem,4.2.2026 01:43,79647.0,3.2.2026 13:43,60
WV2ZZZST4SH028026,WI RC 1717,Volkswagen,vw_new_california_ocean_multivan_life,Kiel,IN_FLEET,MAINTENANCE,"Ölwechsel / Inspektion / HU/AU / Starterbatterie unter 12V gefallen. Fahrzeug wird am 17.01. ein wenig bewegt um herauszufinden, ob wir die Batterie wieder eingefangen bekommen / Ron",12/11/2025,28.2.2026,28566,https://backoffice.roadsurfer.com/vehicles/14973/edit,no Problem,3.2.2026 09:15,28803.0,3.2.2026 09:15,237
3C6MRVUGXNE106277,CTG5926,Thor motor coach,tmc_tellaro_20l_ram_promaster,Las Vegas,IN_FLEET,MAINTENANCE,Electronic Emergency Brake dash warning light illuminated. AN tech inspected and replaced rear brakes. He needs to come back to clear the dash light. Added note to spreadsheet on 30/1/26 for DeeJay to schedule.,24/12/2025,1.3.2026,140099,https://backoffice.roadsurfer.com/vehicles/4106/edit,no Problem,4.2.2026 00:55,140142.0,3.2.2026 00:54,43
WV2ZZZ7HZNH041750,WI RS 1411,Volkswagen,vw_california_ocean_t61,Lille,IN_FLEET,TRANSFER,,10/2/2026,20.2.2026,61755,https://backoffice.roadsurfer.com/vehicles/6094/edit,no Problem,3.2.2026 23:43,61920.0,2.2.2026 11:43,165
ZFA25000002Z08304,BP-15-RE,Knaus,knaus_boxlife_540_mq_fiat_ducato_8,Lisbon,IN_FLEET,MAINTENANCE,Checking damage for quotation at Arnaldo Auto *Jónatas,2/2/2026,7.2.2026,38046,https://backoffice.roadsurfer.com/vehicles/11780/edit,no Problem,4.2.2026 04:12,38069.0,2.2.2026 16:10,23
WV2ZZZ7HZPH031662,AV-28-VD,Volkswagen,vw_california_ocean_t61,Lisbon,IN_FLEET,BLOCK_VEHICLE,Winter Block *Nuno,18/11/2025,16.3.2026,65966,https://backoffice.roadsurfer.com/vehicles/8395/edit,no Problem,4.2.2026 00:50,66498.0,3.2.2026 12:49,532
3C6MRVJG2SE518175,CRS2140,Winnebago,winnebago_solis_59px_ram_promaster,Los Angeles,IN_FLEET,MAINTENANCE,9JAN JDG: Pop up tent fractured. V&A gave estimate on repair. Pending approval from Rob. Will need new mattress.,8/12/2025,28.2.2026,56328,https://backoffice.roadsurfer.com/vehicles/13894/edit,no Problem,3.2.2026 19:27,56428.0,3.2.2026 19:27,100
W1W4EBVY0NP504144,CSN0598,Winnebago,winnebago_revel_44e_mercedes_benz_sprinter,Los Angeles,IN_FLEET,MAINTENANCE,Vehicles macerator was removed by technician to repair another vehicle.  Vehicle also needs 4 tires. $707.20 Central Tires,3/2/2026,12.2.2026,63130,https://backoffice.roadsurfer.com/vehicles/10414/edit,no Problem,3.2.2026 19:54,63164.0,3.2.2026 19:43,34
W1V44781313986344,WI RC 1152,Mercedes Benz,mb_marco_polo_v_klasse,Lyon,IN_FLEET,MAINTENANCE,Repair deferred until 2026 Central decision Damage department,13/12/2025,28.2.2026,75450,https://backoffice.roadsurfer.com/vehicles/4937/edit,no Problem,3.2.2026 15:09,75567.0,2.2.2026 15:07,117
WV2ZZZ7HZRH053555,WI RS 5811,Volkswagen,vw_california_beach_t61,Madrid,IN_FLEET,MAINTENANCE,"In darma repairing dent on the sliding door // Tire budget approved, will be changed in Darma too // Diogo",23/9/2025,16.2.2026,59320,https://backoffice.roadsurfer.com/vehicles/12249/edit,no Problem,4.2.2026 01:48,59347.0,3.2.2026 13:37,27
WV2ZZZST8SH024447,WI RC 1969,Volkswagen,vw_new_california_ocean_multivan_life,Mainz,IN_FLEET,MAINTENANCE,HU/AU placeholder *Fleet,2/2/2026,6.2.2026,17754,https://backoffice.roadsurfer.com/vehicles/16003/edit,no Problem,4.2.2026 00:05,17848.0,3.2.2026 12:05,94
ZFA25000002Y53308,WI RS 5654,Knaus,knaus_boxlife_540_mq_fiat_ducato_8,Malaga,IN_FLEET,MAINTENANCE,HU/AU placeholder *Fleet,17/2/2026,24.2.2026,76008,https://backoffice.roadsurfer.com/vehicles/11686/edit,no Problem,4.2.2026 04:17,76037.0,2.2.2026 16:16,29
WV2ZZZ7HZPH047316,WI RS 3286,Volkswagen,vw_california_beach_t61,Malaga,IN_FLEET,TRANSFER,,4/2/2026,14.2.2026,97984,https://backoffice.roadsurfer.com/vehicles/8730/edit,no Problem,3.2.2026 22:06,98040.0,3.2.2026 10:05,56
WV2ZZZ7HZRH065659,WI RS 6236,Volkswagen,vw_california_beach_t61,Malaga,IN_FLEET,SEASON_PREPARATION_AFTER_WINTER,,9/2/2026,9.2.2026,57142,https://backoffice.roadsurfer.com/vehicles/13355/edit,no Problem,3.2.2026 17:53,57788.0,3.2.2026 17:53,646
WV2ZZZ7HZPH047243,WI RS 3824,Volkswagen,vw_california_beach_t61,Malmo,IN_FLEET,MAINTENANCE,"REPAIR STOP / Warning light breaks / Car at station*Csenge, 05.11",6/11/2025,11.2.2026,94467,https://backoffice.roadsurfer.com/vehicles/8656/edit,no Problem,4.2.2026 02:40,94760.0,2.2.2026 14:38,293
WV2ZZZ7HZRH061957,WI RS 6080,Volkswagen,vw_california_beach_t61,Malmo,IN_FLEET,MAINTENANCE,REPAIR STOP / Oil change and inspection in 3000 km / car at ws*Csenge,2/2/2026,11.2.2026,60156,https://backoffice.roadsurfer.com/vehicles/12295/edit,no Problem,3.2.2026 18:46,60182.0,3.2.2026 06:45,26
WMA36VUYXN9014731,LJ23ABU,Knaus,knaus_boxdrive_600_xl_man_tge,Manchester,IN_FLEET,MAINTENANCE,Van requires table - H couldnt source one last year - made a temp table but van requires proper table to be ordered.,30/1/2026,28.3.2026,52963,https://backoffice.roadsurfer.com/vehicles/6705/edit,no Problem,3.2.2026 17:21,52986.0,3.2.2026 17:21,23
ZFA25000002Y78424,FH24HBD,Bürstner,burstner_eliseo_602c_fiat_ducato,Manchester,IN_FLEET,MAINTENANCE,Booked for Diagnostics at MotorSave Swinton - to be taken for 8:30 AM on the 03rd Feb   James K,6/1/2026,8.2.2026,46545,https://backoffice.roadsurfer.com/vehicles/10914/edit,no Problem,4.2.2026 03:33,46593.0,3.2.2026 15:33,48
WV2ZZZ7HZNH079869,GL22FCG,Volkswagen,vw_california_ocean_t61,Manchester,IN_FLEET,SEASON_PREPARATION_AFTER_WINTER,,1/6/2026,3.6.2026,71950,https://backoffice.roadsurfer.com/vehicles/6479/edit,no Problem,3.2.2026 17:43,72069.0,3.2.2026 17:43,119
ZFA25000002Y97320,FJ24BNN,Weinsberg,weinsberg_caratour_540_mq_fiat_ducato_8,Manchester,IN_FLEET,BLOCK_VEHICLE,"This event was created automatically due to the creation of the damage (ID451158), which caused a transition of the vehicle into a non-rentable state.",2/2/2026,5.2.2026,53317,https://backoffice.roadsurfer.com/vehicles/11088/edit,no Problem,3.2.2026 09:55,53393.0,3.2.2026 09:55,76
ZFA25000002Y98669,FJ24GBO,Weinsberg,weinsberg_caratour_540_mq_fiat_ducato_8,Manchester,IN_FLEET,MAINTENANCE,Booked for Diagnostics at MotorSave Swinton - to be taken for 8:30 AM on the 3rd Feb   James K,3/2/2026,14.2.2026,47821,https://backoffice.roadsurfer.com/vehicles/11089/edit,no Problem,4.2.2026 03:54,47843.0,3.2.2026 15:50,22
ZFA25000002W30223,WI RS 3495,Knaus,knaus_boxlife_540_mq_fiat_ducato_8,Marburg,IN_FLEET,BLOCK_VEHICLE,abroad fleet,24/1/2026,16.2.2026,62497,https://backoffice.roadsurfer.com/vehicles/5168/edit,no Problem,3.2.2026 18:08,62654.0,3.2.2026 18:07,157
W1V44781313955782,WI RS 1532,Mercedes Benz,mb_marco_polo_v_klasse,Marburg,IN_FLEET,SEASON_PREPARATION_AFTER_WINTER,,23/3/2026,25.3.2026,98163,https://backoffice.roadsurfer.com/vehicles/4898/edit,no Problem,3.2.2026 15:09,98218.0,3.2.2026 15:09,55
WV2ZZZ7HZMH105361,M RC 3449,Volkswagen,vw_california_ocean_t61,Marburg,IN_FLEET,MAINTENANCE,HU/AU placeholder *fleet,2/3/2026,9.3.2026,64026,https://backoffice.roadsurfer.com/vehicles/2981/edit,no Problem,3.2.2026 18:01,64164.0,3.2.2026 18:01,138
WV2ZZZ7HZNH047741,WI RS 1145,Volkswagen,vw_california_ocean_t61,Marburg,IN_FLEET,MAINTENANCE,HU/AU placeholder *Fleet,3/2/2026,10.2.2026,107380,https://backoffice.roadsurfer.com/vehicles/6313/edit,no Problem,3.2.2026 20:55,107446.0,3.2.2026 08:53,66
WV2ZZZ7HZNH048702,WI RS 1770,Volkswagen,vw_california_ocean_t61,Marburg,IN_FLEET,BLOCK_VEHICLE,abroad fleet,3/2/2026,10.2.2026,99778,https://backoffice.roadsurfer.com/vehicles/6423/edit,no Problem,2.2.2026 15:59,99827.0,2.2.2026 15:59,49
WV2ZZZ7HZNH035239,WI RS 1588,Volkswagen,vw_california_ocean_t61,Marburg,IN_FLEET,TRANSFER,,2/3/2026,9.3.2026,104884,https://backoffice.roadsurfer.com/vehicles/5976/edit,no Problem,3.2.2026 13:49,105058.0,3.2.2026 13:48,174
WV2ZZZ7HZNH047664,WI RS 1942,Volkswagen,vw_california_ocean_t61,Marburg,IN_FLEET,BLOCK_VEHICLE,abroad fleet,6/2/2026,20.2.2026,101559,https://backoffice.roadsurfer.com/vehicles/6354/edit,no Problem,3.2.2026 13:49,101590.0,3.2.2026 13:49,31
WV2ZZZ7HZNH035193,WI RS 1401,Volkswagen,vw_california_ocean_t61,Marburg,IN_FLEET,BLOCK_VEHICLE,abroad fleet,30/1/2026,16.2.2026,105243,https://backoffice.roadsurfer.com/vehicles/5977/edit,no Problem,4.2.2026 00:40,105345.0,2.2.2026 12:39,102
WV2ZZZ7HZNH054848,WI RS 2116,Volkswagen,vw_california_ocean_t61,Marburg,IN_FLEET,MAINTENANCE,HU/AU placeholder *Fleet,2/2/2026,7.2.2026,97136,https://backoffice.roadsurfer.com/vehicles/6577/edit,no Problem,4.2.2026 04:19,97190.0,3.2.2026 16:18,54
WV2ZZZ7HZNH085165,WI RS 2413,Volkswagen,vw_california_ocean_t61,Marburg,IN_FLEET,MAINTENANCE,,27/1/2026,9.2.2026,104450,https://backoffice.roadsurfer.com/vehicles/7668/edit,no Problem,4.2.2026 03:05,104514.0,3.2.2026 15:04,64
WV2ZZZ7HZNH039206,WI RS 1448,Volkswagen,vw_california_ocean_t61,Marburg,IN_FLEET,SEASON_PREPARATION_AFTER_WINTER,,9/3/2026,11.3.2026,88895,https://backoffice.roadsurfer.com/vehicles/6014/edit,no Problem,4.2.2026 02:30,88952.0,3.2.2026 14:29,57
WV2ZZZ7HZPH066778,WI RS 4036,Volkswagen,vw_california_ocean_t61,Marburg,IN_FLEET,MAINTENANCE,HU/AU placeholder *Fleet,3/2/2026,8.2.2026,58609,https://backoffice.roadsurfer.com/vehicles/8100/edit,no Problem,4.2.2026 04:12,58640.0,3.2.2026 16:11,31
WV2ZZZ7HZRH054748,WI RS 5718,Volkswagen,vw_california_ocean_t61,Marburg,IN_FLEET,SEASON_PREPARATION_AFTER_WINTER,,23/3/2026,25.3.2026,61531,https://backoffice.roadsurfer.com/vehicles/12411/edit,no Problem,4.2.2026 01:25,61581.0,3.2.2026 13:24,50
WV2ZZZ7HZPH064495,WI RS 4073,Volkswagen,vw_california_ocean_t61,Marburg,IN_FLEET,MAINTENANCE,HU/AU placeholder *Fleet,14/2/2026,21.2.2026,76129,https://backoffice.roadsurfer.com/vehicles/8070/edit,no Problem,3.2.2026 18:04,76155.0,3.2.2026 18:04,26
WV2ZZZ7HZRH054281,WI RS 5827,Volkswagen,vw_california_ocean_t61,Marburg,IN_FLEET,BLOCK_VEHICLE,abroad fleet,24/1/2026,11.2.2026,68839,https://backoffice.roadsurfer.com/vehicles/12434/edit,no Problem,4.2.2026 02:50,68866.0,2.2.2026 11:53,27
WV2ZZZ7HZPH050062,WI RS 3421,Volkswagen,vw_california_beach_t61,Marburg,IN_FLEET,TRANSFER,,10/2/2026,20.2.2026,94060,https://backoffice.roadsurfer.com/vehicles/8584/edit,no Problem,3.2.2026 13:44,94110.0,2.2.2026 13:42,50
WV2ZZZ7HZRH043986,WI RS 5548,Volkswagen,vw_california_beach_t61,Marburg,IN_FLEET,BLOCK_VEHICLE,abroad fleet,27/1/2026,20.2.2026,52829,https://backoffice.roadsurfer.com/vehicles/13295/edit,no Problem,4.2.2026 01:10,52922.0,2.2.2026 13:09,93
VF3YLCPFBNG026297,WI RS 5041,Knaus,knaus_boxlife_540_mq_peugeot_boxer_7,Marburg,IN_FLEET,TRANSFER,,6/2/2026,16.2.2026,54297,https://backoffice.roadsurfer.com/vehicles/5246/edit,no Problem,4.2.2026 01:30,54345.0,2.2.2026 13:29,48
ZFA25000002V99805,WI RS 3176,Bürstner,burstner_eliseo_c540_fiat_ducato_8,Marburg,IN_FLEET,BLOCK_VEHICLE,abroad fleet,24/1/2026,11.2.2026,86913,https://backoffice.roadsurfer.com/vehicles/7074/edit,no Problem,3.2.2026 15:20,87069.0,3.2.2026 15:20,156
ZFA25000002W02418,WI RS 3119,Bürstner,burstner_eliseo_c540_fiat_ducato_8,Marburg,IN_FLEET,BLOCK_VEHICLE,abroad fleet,24/1/2026,10.2.2026,78110,https://backoffice.roadsurfer.com/vehicles/7030/edit,no Problem,4.2.2026 05:48,78132.0,2.2.2026 15:45,22
WV1ZZZSY3P9008013,WI RS 2552,Volkswagen,vw_grand_california_600_vw_crafter_2,Marburg,IN_FLEET,TRANSFER,,9/2/2026,19.2.2026,132433,https://backoffice.roadsurfer.com/vehicles/7538/edit,no Problem,3.2.2026 22:39,132479.0,2.2.2026 10:35,46
WV1ZZZSY3P9035261,WI RS 3105,Volkswagen,vw_grand_california_600_vw_crafter_2,Marburg,IN_FLEET,BLOCK_VEHICLE,abroad fleet,25/1/2026,18.2.2026,95110,https://backoffice.roadsurfer.com/vehicles/8756/edit,no Problem,3.2.2026 23:56,95152.0,3.2.2026 11:55,42
ZFA25000002Z13013,WI RS 7720,Bürstner,burstner_limited_t660_citroen_jumper_7,Marburg,IN_FLEET,MAINTENANCE,HU/AU placeholder *Fleet,2/2/2026,6.2.2026,37553,https://backoffice.roadsurfer.com/vehicles/10783/edit,no Problem,4.2.2026 01:04,37785.0,2.2.2026 13:02,232
WV2ZZZ7HZNH055737,WI RS 2071,Volkswagen,vw_california_ocean_t61,Milan,IN_FLEET,TRANSFER,,11/3/2026,18.3.2026,86629,https://backoffice.roadsurfer.com/vehicles/6669/edit,no Problem,4.2.2026 01:48,86725.0,2.2.2026 13:46,96
WV2ZZZ7HZNH035064,WI RS 1127,Volkswagen,vw_california_ocean_t61,Milan,IN_FLEET,TRANSFER,,6/2/2026,16.2.2026,106380,https://backoffice.roadsurfer.com/vehicles/5968/edit,no Problem,3.2.2026 22:07,106526.0,2.2.2026 10:06,146
WV2ZZZ7HZRH060644,WI RS 5910,Volkswagen,vw_california_ocean_t61,Milan,IN_FLEET,MAINTENANCE,Oil change + service. 2026,24/9/2025,8.2.2026,67156,https://backoffice.roadsurfer.com/vehicles/12429/edit,no Problem,4.2.2026 04:36,67177.0,3.2.2026 16:35,21
WV2ZZZ7HZRH039045,WI RS 5278,Volkswagen,vw_california_ocean_t61,Milan,IN_FLEET,MAINTENANCE,Oil change + service. 2026,29/9/2025,10.2.2026,38200,https://backoffice.roadsurfer.com/vehicles/10681/edit,no Problem,4.2.2026 04:40,38271.0,3.2.2026 16:39,71
WV2ZZZ7HZRH050368,WI RS 5739,Volkswagen,vw_california_ocean_t61,Milan,IN_FLEET,TRANSFER,,11/2/2026,21.2.2026,64033,https://backoffice.roadsurfer.com/vehicles/12420/edit,no Problem,3.2.2026 22:46,64081.0,2.2.2026 10:46,48
WV2ZZZ7HZNH060617,WI RS 2156,Volkswagen,vw_california_beach_t61,Milan,IN_FLEET,TRANSFER,,11/2/2026,21.2.2026,128191,https://backoffice.roadsurfer.com/vehicles/5789/edit,no Problem,3.2.2026 20:46,128233.0,2.2.2026 08:46,42
WV2ZZZ7HZPH046532,WI RS 3189,Volkswagen,vw_california_beach_t61,Milan,IN_FLEET,TRANSFER,,10/2/2026,20.2.2026,82249,https://backoffice.roadsurfer.com/vehicles/8654/edit,no Problem,4.2.2026 01:39,82399.0,2.2.2026 13:37,150
WV2ZZZ7HZRH042859,WI RS 5301,Volkswagen,vw_california_beach_t61,Milan,IN_FLEET,TRANSFER,,6/2/2026,16.2.2026,67009,https://backoffice.roadsurfer.com/vehicles/10639/edit,no Problem,4.2.2026 04:44,67287.0,3.2.2026 16:43,278
W1V44781313872600,M RC 3597,Mercedes Benz,mb_marco_polo_v_klasse,Mosolf Buch (external),IN_FLEET,SEASON_PREPARATION_AFTER_WINTER,,4/5/2026,6.5.2026,117078,https://backoffice.roadsurfer.com/vehicles/3483/edit,no Problem,4.2.2026 03:12,117509.0,3.2.2026 15:09,431
VF3YCCPFB12V31248,WI RS 2645,Weinsberg,weinsberg_caratour_540_mq_peugeot_boxer_7,Mosolf Buch (external),IN_FLEET,SEASON_PREPARATION_AFTER_WINTER,,11/5/2026,13.5.2026,81231,https://backoffice.roadsurfer.com/vehicles/5508/edit,no Problem,4.2.2026 01:41,81271.0,3.2.2026 13:39,40
WF01XXTTG1PC42020,WI RC 1479,Ford,ford_nugget_ford_transit_custom_v362,Mosolf Schöneck  (external),IN_FLEET,,,,,51642,https://backoffice.roadsurfer.com/vehicles/4491/edit,no Problem,4.2.2026 00:45,51890.0,3.2.2026 12:44,248
WV2ZZZ7HZNH047214,WI RS 1684,Volkswagen,vw_california_ocean_t61,Mosolf Schöneck  (external),IN_FLEET,SEASON_PREPARATION_AFTER_WINTER,,9/3/2026,11.3.2026,69771,https://backoffice.roadsurfer.com/vehicles/6320/edit,no Problem,3.2.2026 06:49,69958.0,2.2.2026 06:48,187
WF01XXTTG1NJ18408,WI RC 1269,Ford,ford_nugget_plus_ford_transit_custom_v362,Mosolf Schöneck  (external),IN_FLEET,BLOCK_VEHICLE,Former Deferral vehicle - M&R still to be done,15/1/2026,28.2.2026,63795,https://backoffice.roadsurfer.com/vehicles/4619/edit,no Problem,4.2.2026 00:54,64050.0,3.2.2026 12:53,255
WF01XXTTG1NJ18409,WI RC 1268,Ford,ford_nugget_plus_ford_transit_custom_v362,Mosolf Schöneck  (external),IN_FLEET,SEASON_PREPARATION_AFTER_WINTER,,23/3/2026,25.3.2026,66542,https://backoffice.roadsurfer.com/vehicles/4620/edit,no Problem,4.2.2026 02:51,67178.0,2.2.2026 14:50,636
VF3YGBPAU12V31022,M RC 1162,Knaus,knaus_sky_wave_650_mf_peugeot_boxer_7,Mosolf Schöneck  (external),IN_FLEET,SEASON_PREPARATION_AFTER_WINTER,,8/4/2026,10.4.2026,92876,https://backoffice.roadsurfer.com/vehicles/5683/edit,no Problem,4.2.2026 00:56,93180.0,3.2.2026 12:54,304
WMA36VUY9N9014753,WI RS 2724,Knaus,knaus_boxdrive_600_xl_man_tge,Munich,IN_FLEET,MAINTENANCE,#mec - heating not working app. with Truma needed AND oil leaking under engine,21/1/2026,18.3.2026,38748,https://backoffice.roadsurfer.com/vehicles/5093/edit,no Problem,4.2.2026 00:05,38783.0,3.2.2026 12:04,35
ZFA25000002Z20924,WI RS 7739,Hymer,hymer_ayers_rock_540_fiat_ducato_8,Munich,IN_FLEET,MAINTENANCE,engine light yellow Euromaster,8/2/2026,31.3.2026,53547,https://backoffice.roadsurfer.com/vehicles/11599/edit,no Problem,3.2.2026 21:08,53636.0,3.2.2026 09:07,89
W1V44781313982618,WI RS 2206,Mercedes Benz,mb_marco_polo_v_klasse,Munich,IN_FLEET,MAINTENANCE,spare tire under car missing just rim there Euromaster,27/1/2026,8.2.2026,98001,https://backoffice.roadsurfer.com/vehicles/4845/edit,no Problem,4.2.2026 02:03,98079.0,2.2.2026 14:03,78
ZFA25000XSMB04110,WI RS 7902,Weinsberg,weinsberg_carabus_600_mq_edition_fire,Munich,IN_FLEET,MAINTENANCE,"check oil lvl back left light broken, part here repair 2026 Euromaster",24/10/2025,31.3.2026,19913,https://backoffice.roadsurfer.com/vehicles/15172/edit,no Problem,4.2.2026 01:10,19987.0,3.2.2026 13:08,74
WV2ZZZ7HZMH103040,WI RS 1031,Volkswagen,vw_california_ocean_t61,Munich,IN_FLEET,MAINTENANCE,service overdue with days oil change overdue with days repair 2026 ATU Freising,1/10/2025,9.2.2026,73656,https://backoffice.roadsurfer.com/vehicles/2708/edit,no Problem,4.2.2026 01:19,73763.0,2.2.2026 13:17,107
WV2ZZZ7HZNH046916,WI RS 1215,Volkswagen,vw_california_ocean_t61,Munich,IN_FLEET,MAINTENANCE,front tires oil change to do Particulate filter full test drive Basti repair 2026,30/9/2025,30.3.2026,94420,https://backoffice.roadsurfer.com/vehicles/6287/edit,no Problem,4.2.2026 03:08,94471.0,3.2.2026 15:07,51
WV2ZZZ7HZNH047880,WI RS 1688,Volkswagen,vw_california_ocean_t61,Munich,IN_FLEET,MAINTENANCE,fridge does not stay closed service to do oil change to do repair 2026 ATU Freising,16/12/2025,31.3.2026,97664,https://backoffice.roadsurfer.com/vehicles/6347/edit,no Problem,3.2.2026 21:01,97697.0,2.2.2026 08:59,33
WV2ZZZ7HZRH072843,WI RS 6458,Volkswagen,vw_california_ocean_t61,Munich,IN_FLEET,MAINTENANCE,mirror right broken repair 2026 EM Unterschleißheim,10/12/2025,31.3.2026,36834,https://backoffice.roadsurfer.com/vehicles/12640/edit,no Problem,3.2.2026 19:30,36863.0,3.2.2026 07:29,29
WV2ZZZ7HZRH048062,WI RS 5570,Volkswagen,vw_california_ocean_t61,Munich,IN_FLEET,BLOCK_VEHICLE,Block Vehicle event for Subscription Purpose,28/2/2026,2.3.2026,30980,https://backoffice.roadsurfer.com/vehicles/12356/edit,no Problem,3.2.2026 23:01,31002.0,2.2.2026 11:00,22
WV2ZZZ7HZRH048973,WI RS 5622,Volkswagen,vw_california_ocean_t61,Munich,IN_FLEET,BLOCK_VEHICLE,abroad fleet,27/1/2026,11.2.2026,57641,https://backoffice.roadsurfer.com/vehicles/12360/edit,no Problem,3.2.2026 23:59,57818.0,3.2.2026 11:58,177
WF01XXTTG1NP85087,WI RC 1336,Ford,ford_nugget_plus_ford_transit_custom_v362,Munich,IN_FLEET,MAINTENANCE,"breaks repair 2026 Going to Ford USH 26.1.26*Basti done secind battery dead, waiting for parts, heating not working //",17/10/2025,17.2.2026,78089,https://backoffice.roadsurfer.com/vehicles/4554/edit,no Problem,3.2.2026 13:05,78146.0,3.2.2026 13:05,57
ZFA25000002V81803,WI RS 2786,Bürstner,burstner_eliseo_c540_fiat_ducato_8,Munich,IN_FLEET,MAINTENANCE,engine light yellow repair 2026 Euromaster,7/10/2025,31.3.2026,32685,https://backoffice.roadsurfer.com/vehicles/6915/edit,no Problem,4.2.2026 02:17,32796.0,3.2.2026 09:16,111
WV1ZZZSY9R9063293,WI RS 7212,Volkswagen,vw_grand_california_600_vw_crafter_2,Munich,IN_FLEET,MAINTENANCE,HU/AU placeholder *Fleet,5/2/2026,12.2.2026,53262,https://backoffice.roadsurfer.com/vehicles/12116/edit,no Problem,3.2.2026 23:55,53295.0,2.2.2026 11:55,33
WV1ZZZSY5P9048061,WI RS 4233,Volkswagen,vw_grand_california_600_vw_crafter_2,Munich,IN_FLEET,SEASON_PREPARATION_AFTER_WINTER,,1/4/2026,8.4.2026,79918,https://backoffice.roadsurfer.com/vehicles/8885/edit,no Problem,3.2.2026 22:12,80063.0,2.2.2026 10:11,145
WV1ZZZSY9R9044548,WI RS 6065,Volkswagen,vw_grand_california_600_vw_crafter_2,Munich,IN_FLEET,MAINTENANCE,"water leaking in drawer kitchen, parts have to be ordered in picture SK done service overdue with days service to do oil change to do TIP",4/2/2026,31.3.2026,52909,https://backoffice.roadsurfer.com/vehicles/11850/edit,no Problem,4.2.2026 02:12,52931.0,3.2.2026 14:11,22
WV1ZZZSY6P9033567,WI RS 3430,Volkswagen,vw_grand_california_600_vw_crafter_2,Munich,IN_FLEET,MAINTENANCE,oil change to do TIP,12/1/2026,24.3.2026,104744,https://backoffice.roadsurfer.com/vehicles/8827/edit,no Problem,3.2.2026 12:51,104769.0,3.2.2026 10:19,25
WV1ZZZSY7R9058559,WI RS 6640,Volkswagen,vw_grand_california_600_vw_crafter_2,Munich,IN_FLEET,MAINTENANCE,"rep MEC freezer door, ladder piece, water cover broken oil change overdue Seats must be cleaned Goinig to TIP 03.02.26*Basti",3/2/2026,31.3.2026,55351,https://backoffice.roadsurfer.com/vehicles/11967/edit,no Problem,4.2.2026 02:09,55373.0,3.2.2026 14:08,22
WV1ZZZSY8R9038059,WI RS 6536,Knaus,knaus_van_ti_640_man_tge,Munich,IN_FLEET,MAINTENANCE,HU/AU placeholder *Fleet TÜV failed Luftfederung 2. Achse rechts undicht Euromaster,1/2/2026,13.2.2026,40631,https://backoffice.roadsurfer.com/vehicles/10826/edit,no Problem,4.2.2026 00:39,40705.0,2.2.2026 12:38,74
ZFA25000002Z41084,WI RS 7612,LMC,lmc_innovan_600_fiat_ducato_8,Munich,IN_FLEET,MAINTENANCE,heater second battery oil change to do repair 2026 Euromaster,24/11/2025,31.3.2026,22370,https://backoffice.roadsurfer.com/vehicles/13104/edit,no Problem,4.2.2026 01:14,22441.0,3.2.2026 13:13,71
WF0DXXTTRDPS30750,WI RS 7578,LMC,lmc_tourer_lift_h634_ford_transit_v363,Nantes,IN_FLEET,MAINTENANCE,Bumper broken + leak under kitchen sink *alycia,9/10/2025,31.3.2026,39103,https://backoffice.roadsurfer.com/vehicles/13544/edit,no Problem,3.2.2026 22:53,39125.0,3.2.2026 10:52,22
ZFA25000002W67896,WI RS 4325,Knaus,knaus_boxlife_540_mq_fiat_ducato_8,Nuremberg,IN_FLEET,MAINTENANCE,"Battery Damage, Seat turning system",2/2/2026,28.2.2026,65686,https://backoffice.roadsurfer.com/vehicles/5185/edit,no Problem,3.2.2026 21:35,65725.0,3.2.2026 09:35,39
WV2ZZZ7HZPH082139,WI RS 4576,Volkswagen,vw_california_ocean_t61,Nuremberg,IN_FLEET,MAINTENANCE,03.02. Transport to Lindners Boxenstopp for Chassis repair,3/2/2026,14.2.2026,70880,https://backoffice.roadsurfer.com/vehicles/8237/edit,no Problem,4.2.2026 01:38,71005.0,3.2.2026 13:37,125
WV1ZZZSY8R9065066,WI RS 7411,Volkswagen,vw_grand_california_600_vw_crafter_2,Nuremberg,IN_FLEET,MAINTENANCE,"batteries are dead, outside damage hindering HU/AU *Annabel 03.02. Transport to Lindners Boxenstopp for Chassis repair",28/1/2026,2.3.2026,48918,https://backoffice.roadsurfer.com/vehicles/12156/edit,no Problem,3.2.2026 10:45,49025.0,3.2.2026 10:45,107
WF0EXXTTREPM33257,WI RS 6399,Weinsberg,weinsberg_caratour_600_mq_ford_transit_v363,Nuremberg,IN_FLEET,MAINTENANCE,03.02. Transport to Lindners Boxenstopp for Chassis repair,3/2/2026,28.2.2026,57024,https://backoffice.roadsurfer.com/vehicles/10761/edit,no Problem,3.2.2026 22:47,57135.0,3.2.2026 10:46,111
ZFA25000002Z04405,WI RS 7668,LMC,lmc_tourer_lift_h630_fiat_ducato_8,Nuremberg,IN_FLEET,MAINTENANCE,Chassis repair at CERA Stuttgart,7/10/2025,30.4.2026,18455,https://backoffice.roadsurfer.com/vehicles/13649/edit,no Problem,4.2.2026 03:05,18670.0,3.2.2026 15:04,215
ZFA25000002Y65185,DS 29695,Knaus,knaus_boxlife_540_mq_fiat_ducato_8,Oslo,IN_FLEET,BLOCK_VEHICLE,"Winter block, red hands to fix 15.12.2025 Louis",15/12/2025,31.3.2026,70470,https://backoffice.roadsurfer.com/vehicles/11614/edit,no Problem,4.2.2026 02:25,70542.0,3.2.2026 14:22,72
ZFA25000002Y62321,DS 29700,Knaus,knaus_boxlife_540_mq_fiat_ducato_8,Oslo,IN_FLEET,,,,,73624,https://backoffice.roadsurfer.com/vehicles/11620/edit,no Problem,3.2.2026 11:52,73777.0,1.2.2026 11:50,153
ZFA25000002Y30376,DS 35293,Bürstner,burstner_eliseo_c540_fiat_ducato_8,Oslo,IN_FLEET,BLOCK_VEHICLE,Winter Block * Nuno,11/11/2025,31.3.2026,28782,https://backoffice.roadsurfer.com/vehicles/10518/edit,no Problem,4.2.2026 02:22,28803.0,3.2.2026 14:20,21
W1V44781313981911,WI RS 2214,Mercedes Benz,mb_marco_polo_v_klasse,Paris Airport (CDG),IN_FLEET,MAINTENANCE,BRAKE PAD / FEB 26,6/1/2026,6.2.2026,113632,https://backoffice.roadsurfer.com/vehicles/4871/edit,no Problem,3.2.2026 21:35,113772.0,3.2.2026 09:34,140
WV1ZZZSYZN9031798,WI RS 2321,Volkswagen,vw_grand_california_600_vw_crafter_2,Paris Airport (CDG),IN_FLEET,MAINTENANCE,CAMPER UNIT NOT WORKING,27/1/2026,13.2.2026,80808,https://backoffice.roadsurfer.com/vehicles/7162/edit,no Problem,3.2.2026 15:31,80849.0,2.2.2026 15:30,41
WF0DXXTTRDPS30747,WI RS 7579,LMC,lmc_tourer_lift_h634_ford_transit_v363,Paris Airport (CDG),IN_FLEET,MAINTENANCE,CHECK SEAT BELT WARNING LIGHT APPOINTMENT JAN 28TH FORD SARCELLES,5/1/2026,15.2.2026,20010,https://backoffice.roadsurfer.com/vehicles/13557/edit,no Problem,3.2.2026 17:06,20056.0,3.2.2026 17:06,46
WV2ZZZ7HZPH060779,AZ-73-IJ,Volkswagen,vw_california_ocean_t61,Porto,IN_FLEET,MAINTENANCE,Tire pressure sensor malfunction *Carlos,8/1/2026,28.2.2026,81464,https://backoffice.roadsurfer.com/vehicles/8439/edit,no Problem,4.2.2026 00:40,81490.0,3.2.2026 12:39,26
WF0EXXTTRERB62041,BT-47-LC,Weinsberg,weinsberg_caratour_600_mq_ford_transit_v363,Porto,IN_FLEET,MAINTENANCE,Deferral 2026 - battery issue  Battery Issue *Ju Repair only in January - DCM order *Ju,17/11/2025,16.3.2026,26925,https://backoffice.roadsurfer.com/vehicles/12946/edit,no Problem,4.2.2026 03:32,26975.0,3.2.2026 15:31,50
WF0EXXTTREPM33258,BV-10-IV,Weinsberg,weinsberg_caratour_600_mq_ford_transit_v363,Porto,IN_FLEET,,,,,55927,https://backoffice.roadsurfer.com/vehicles/12931/edit,no Problem,4.2.2026 04:02,55976.0,3.2.2026 16:01,49
WF0EXXTTRERB60839,BU-76-AQ,Weinsberg,weinsberg_caratour_600_mq_ford_transit_v363,Porto,IN_FLEET,MAINTENANCE,Display navi doens´t work *Carlos,17/11/2025,16.3.2026,40096,https://backoffice.roadsurfer.com/vehicles/12961/edit,no Problem,4.2.2026 03:52,40128.0,3.2.2026 15:51,32
WV2ZZZ7HZPH046334,WI RS 3207,Volkswagen,vw_california_beach_t61,Regensburg,IN_FLEET,BLOCK_VEHICLE,"Former Deferral vehicle - M&R still to be done Fahrzeug steht bei VW , Rep Dach , Service und HU",17/1/2026,28.2.2026,89432,https://backoffice.roadsurfer.com/vehicles/8581/edit,no Problem,4.2.2026 02:17,90161.0,3.2.2026 14:16,729
ZFA25000002Y35377,WI RS 5416,Weinsberg,weinsberg_caratour_540_mq_fiat_ducato_8,Regensburg,IN_FLEET,MAINTENANCE,HU/AU  / Parkassit ohne Funkion / Ölwechsel  steht zwecks Rep. bei Fiat in SR,26/1/2026,28.2.2026,52479,https://backoffice.roadsurfer.com/vehicles/12896/edit,no Problem,3.2.2026 21:37,52532.0,3.2.2026 09:35,53
WV2ZZZ7HZNH049517,WI RS 1707,Volkswagen,vw_california_ocean_t61,Rotterdam,IN_FLEET,MAINTENANCE,oilchange + service / Nibo Automotive / first week Januari | RobV,7/1/2026,12.2.2026,72376,https://backoffice.roadsurfer.com/vehicles/6420/edit,no Problem,3.2.2026 18:05,72408.0,2.2.2026 18:04,32
WV2ZZZ7HZNH055795,WI RS 1277,Volkswagen,vw_california_ocean_t61,Salzburg,IN_FLEET,MAINTENANCE,Einpoarkhilfesensor piept unkontrolliert // Businesstrip & Besorgungsfahrzeug *Tamara winterer,12/12/2025,20.2.2026,94554,https://backoffice.roadsurfer.com/vehicles/6601/edit,no Problem,4.2.2026 01:33,94832.0,3.2.2026 13:32,278
WV2ZZZ7HZPH054664,WI RS 3713,Volkswagen,vw_california_beach_t61,Salzburg,IN_FLEET,MAINTENANCE,HU/AU placeholder *Fleet,2/2/2026,5.2.2026,71443,https://backoffice.roadsurfer.com/vehicles/8530/edit,no Problem,2.2.2026 10:06,71608.0,2.2.2026 10:06,165
3C6MRVJG4PE508173,CSN0315,Winnebago,winnebago_solis_59px_ram_promaster,San Francisco,IN_FLEET,MAINTENANCE,"oil change block and major damage block. Had blocked for oil change, came back with significant body damage, and needs two front tires-- blocking for Pat - RH SF.",1/1/2026,28.2.2026,139184,https://backoffice.roadsurfer.com/vehicles/10345/edit,no Problem,4.2.2026 00:49,139208.0,3.2.2026 00:47,24
3C6MRVJG5PE607150,CRS8074,Winnebago,winnebago_solis_59px_ram_promaster,San Francisco,IN_FLEET,MAINTENANCE,"Door does not open. Pat has looked at this before and needs a part to fix the door. Until we have the part, customer can't open the back door which restricts access to water filling and pump.",20/12/2025,28.2.2026,107273,https://backoffice.roadsurfer.com/vehicles/11133/edit,no Problem,4.2.2026 03:41,107344.0,4.2.2026 03:41,71
3C6MRVJG2SE518130,CRS2129,Winnebago,winnebago_solis_59px_ram_promaster,San Francisco,IN_FLEET,MAINTENANCE,"Former Deferral vehicle - M&R still to be done Windshield crack, toilet not flushing, and missing a roof buckle - 01/28/2026",28/1/2026,14.2.2026,40495,https://backoffice.roadsurfer.com/vehicles/13872/edit,no Problem,3.2.2026 10:31,40519.0,2.2.2026 22:30,24
1FDWE3FNXRDD42699,CRS1392,Thor motor coach,tmc_four_winds_22e_ford_e350,San Francisco,IN_FLEET,,,,,82993,https://backoffice.roadsurfer.com/vehicles/10421/edit,no Problem,3.2.2026 22:02,83016.0,3.2.2026 22:02,23
3C6MRVJG0SE518126,CRS2133,Winnebago,winnebago_solis_59px_ram_promaster,Seattle,IN_FLEET,MAINTENANCE,schedule for new tires,2/2/2026,9.2.2026,57395,https://backoffice.roadsurfer.com/vehicles/13878/edit,no Problem,4.2.2026 02:35,57430.0,4.2.2026 02:35,35
ZFA25000002Z25798,WI RS 7733,Hymer,hymer_ayers_rock_540_fiat_ducato_8,Sevilla,IN_FLEET,MAINTENANCE,"Water pump New fuses, system reset, new pump, and it's like it's not getting any electricity.",2/2/2026,28.2.2026,25393,https://backoffice.roadsurfer.com/vehicles/11608/edit,no Problem,4.2.2026 01:45,25415.0,2.2.2026 13:44,22
ZFA25000002Z21169,WI RS 7657,Hymer,hymer_ayers_rock_540_fiat_ducato_8,Sevilla,IN_FLEET,MAINTENANCE,SKYLIGHT WONT STAY SHUT. IT LIFTED UP DURING A STORM AND NOW IT WONT CLOSE COMPLETELY,9/1/2026,31.3.2026,19135,https://backoffice.roadsurfer.com/vehicles/11528/edit,no Problem,4.2.2026 00:04,19178.0,3.2.2026 12:03,43
ZFA25000002W00103,WI RS 3567,Bürstner,burstner_eliseo_c540_fiat_ducato_8,Sevilla,IN_FLEET,TRANSFER,,10/2/2026,20.2.2026,76047,https://backoffice.roadsurfer.com/vehicles/7054/edit,no Problem,3.2.2026 22:26,76074.0,3.2.2026 10:24,27
ZFA25000002Z40553,WI RS 7611,LMC,lmc_innovan_600_fiat_ducato_8,Sevilla,IN_FLEET,MAINTENANCE,GREY WATER TANK LEAKING AND MANY OTHER DEFFECTS,5/12/2025,30.4.2026,47780,https://backoffice.roadsurfer.com/vehicles/13094/edit,no Problem,3.2.2026 20:05,47806.0,3.2.2026 08:04,26
ZFA250000SMB05380,WI RS 7972,LMC,lmc_tracer_680dl_fiat_ducato_serie_2,Sevilla,IN_FLEET,MAINTENANCE,"Feb´26 repair list,  techo interior",2/2/2026,22.2.2026,34825,https://backoffice.roadsurfer.com/vehicles/15864/edit,no Problem,4.2.2026 01:32,34846.0,3.2.2026 13:31,21
WV2ZZZ7HZMH090605,M RC 2565,Volkswagen,vw_california_ocean_t61,Stockholm,IN_FLEET,MAINTENANCE,extended block car still at workshop 28th Jan - Heater not working - at New vw 26th Jan.//Natty,26/1/2026,9.2.2026,127176,https://backoffice.roadsurfer.com/vehicles/2921/edit,no Problem,3.2.2026 14:31,127203.0,3.2.2026 14:31,27
WV2ZZZ7HZPH058308,WI RS 3787,Volkswagen,vw_california_ocean_t61,Stockholm,IN_FLEET,MAINTENANCE,"DCM PRIO MARCH//NATTY Defferal: Tire thread below 3mm, waiting for budets to book appointment.//Natty",11/10/2025,21.2.2026,68799,https://backoffice.roadsurfer.com/vehicles/7968/edit,no Problem,3.2.2026 20:40,68820.0,3.2.2026 08:39,21
WV2ZZZ7HZNH042860,WI RS 1413,Volkswagen,vw_california_ocean_t61,Stockholm,IN_FLEET,TRANSFER,,9/2/2026,19.2.2026,104983,https://backoffice.roadsurfer.com/vehicles/6137/edit,no Problem,3.2.2026 22:43,105018.0,2.2.2026 10:42,35
WV2ZZZST6SH028416,WI RC 2026,Volkswagen,vw_new_california_ocean_multivan_life,Stockholm,IN_FLEET,,,,,13884,https://backoffice.roadsurfer.com/vehicles/16076/edit,no Problem,3.2.2026 21:21,13912.0,3.2.2026 09:20,28
W1V44781313943291,WI RC 1540,Mercedes Benz,mb_marco_polo_v_klasse,Stuttgart,IN_FLEET,MAINTENANCE,"Schublade beschädigt, Außendusche fehlt. Techniker informiert *Marvin Benötigt 4 neue Reifen *Marvin",8/11/2025,28.2.2026,70793,https://backoffice.roadsurfer.com/vehicles/4732/edit,no Problem,3.2.2026 15:38,70814.0,3.2.2026 15:38,21
WF01XXTTG1NA84234,WI RC 1436,Ford,ford_nugget_ford_transit_custom_v362,Stuttgart,IN_FLEET,MAINTENANCE,"Reifen VA nötig. HU/AU und Laderegelung 2. Batterie. Geht zu Ford Maier, Kann im Tausch mit anderen Autos hingebracht werden ab ca. 08.02 *Marvin",20/11/2025,13.2.2026,59190,https://backoffice.roadsurfer.com/vehicles/4510/edit,no Problem,3.2.2026 15:31,59211.0,3.2.2026 15:31,21
ZFA25000002Y54615,WI RS 5533,Weinsberg,weinsberg_caratour_540_mq_fiat_ducato_8,Stuttgart,IN_FLEET,MAINTENANCE,Fahrzeug aus Barcelona wurde TÜV vorgeführt. Nicht bestanden aufgrund Steinschlag im Sichtfeld. Wird zu Junited Autoglass gebracht und anschließend Nachkontrolle unterzogen *Marvin,26/1/2026,15.2.2026,58875,https://backoffice.roadsurfer.com/vehicles/12870/edit,no Problem,3.2.2026 17:03,58907.0,3.2.2026 17:02,32
WV1ZZZSY0P9010298,WI RS 2598,Volkswagen,vw_grand_california_600_vw_crafter_2,Stuttgart,IN_FLEET,MAINTENANCE,"Reifenwechsel zu Amit *Marvin Van didt pass HU / AU Inspection  because of a big crack in the windshield, no repair for now *Isa",8/11/2025,5.2.2026,104058,https://backoffice.roadsurfer.com/vehicles/7550/edit,no Problem,4.2.2026 05:03,104103.0,3.2.2026 17:02,45
VF7YLBPFB12X11777,WI RS 5031,Bürstner,burstner_campeo_c540_citroen_jumper_7,Stuttgart,IN_FLEET,MAINTENANCE,"High Importance please renew Gas eximination otherwise not rentable ! *Isa Außerdem Reifen 4x müssen neu, Licht geht nicht, Wasserpumpe kaputt *Marvin",18/10/2025,28.2.2026,66473,https://backoffice.roadsurfer.com/vehicles/10266/edit,no Problem,4.2.2026 01:40,66499.0,3.2.2026 13:38,26
ZFA25000002Y31981,WI RS 5658,Knaus,knaus_boxlife_540_mq_fiat_ducato_8,Trier,IN_FLEET,MAINTENANCE,“Repair deferred until 2026 Central decision Damage department” /warning light glow plugs*Steffi HU/AU November *Fleet 16.01 appointment requested *Volker appointment 05.02 *Volker,21/10/2025,11.2.2026,40967,https://backoffice.roadsurfer.com/vehicles/11675/edit,no Problem,4.2.2026 00:19,40994.0,2.2.2026 12:18,27
WV2ZZZ7HZNH038528,WI RS 1431,Volkswagen,vw_california_ocean_t61,Trier,IN_FLEET,MAINTENANCE,"HUAUGas, oilservice, brakes, appointment 03/02 *Volker",2/2/2026,11.2.2026,84080,https://backoffice.roadsurfer.com/vehicles/5991/edit,no Problem,3.2.2026 15:56,84152.0,3.2.2026 15:54,72
WV2ZZZ7HZPH089239,WI RS 4930,Volkswagen,vw_california_ocean_t61,Trier,IN_FLEET,MAINTENANCE,oilchange *Volker,3/2/2026,6.2.2026,66211,https://backoffice.roadsurfer.com/vehicles/8306/edit,no Problem,4.2.2026 02:44,66254.0,3.2.2026 11:29,43
WV1ZZZSY7R9046198,WI RS 5927,Volkswagen,vw_grand_california_600_vw_crafter_2,Trier,IN_FLEET,SEASON_PREPARATION_AFTER_WINTER,,16/3/2026,18.3.2026,51086,https://backoffice.roadsurfer.com/vehicles/10610/edit,no Problem,4.2.2026 01:59,51179.0,3.2.2026 13:58,93
WF0EXXTTREPP39448,WI RS 7700,Bürstner,burstner_lineo_c590_ford_transit_v363,Turin,IN_FLEET,BLOCK_VEHICLE,summer tires *Felix,8/11/2025,15.4.2026,39222,https://backoffice.roadsurfer.com/vehicles/11352/edit,no Problem,4.2.2026 02:43,39251.0,2.2.2026 14:42,29
ZFA25000002V70785,WI RS 2759,Bürstner,burstner_eliseo_c540_fiat_ducato_8,Valencia,IN_FLEET,MAINTENANCE,Repair deferred until 2026 - Central decision from damage team The customer completetly destroyed the van//Patricia Cuñat,24/9/2025,15.3.2026,80036,https://backoffice.roadsurfer.com/vehicles/6945/edit,no Problem,3.2.2026 00:40,80057.0,2.2.2026 11:47,21
WV1ZZZSY2P9009346,WI RS 2608,Volkswagen,vw_grand_california_600_vw_crafter_2,Valencia,IN_FLEET,SEASON_PREPARATION_AFTER_WINTER,,23/3/2026,25.3.2026,93895,https://backoffice.roadsurfer.com/vehicles/7133/edit,no Problem,3.2.2026 23:44,93950.0,3.2.2026 11:43,55
WF0EXXTTREPD23684,WI RS 4980,Bürstner,burstner_signeo_c590_ford_transit_v363,Valencia,IN_FLEET,TRANSFER,,2/3/2026,9.3.2026,90387,https://backoffice.roadsurfer.com/vehicles/9437/edit,no Problem,3.2.2026 09:24,90441.0,3.2.2026 09:24,54
WV2ZZZ7HZNH053678,WI RS 2131,Volkswagen,vw_california_ocean_t61,Venice,IN_FLEET,MAINTENANCE,IN GAZZOLA - error pop up roof,23/1/2026,15.2.2026,62781,https://backoffice.roadsurfer.com/vehicles/6492/edit,no Problem,4.2.2026 02:35,62820.0,3.2.2026 14:34,39
WV2ZZZ7HZNH065457,WI RS 1841,Volkswagen,vw_california_ocean_t61,Venice,IN_FLEET,SEASON_PREPARATION_AFTER_WINTER,,23/2/2026,25.2.2026,101713,https://backoffice.roadsurfer.com/vehicles/6643/edit,no Problem,4.2.2026 02:38,101842.0,3.2.2026 14:38,129
WV2ZZZ7HZNH053381,WI RS 2064,Volkswagen,vw_california_ocean_t61,Venice,IN_FLEET,SEASON_PREPARATION_AFTER_WINTER,,23/3/2026,25.3.2026,57302,https://backoffice.roadsurfer.com/vehicles/6525/edit,no Problem,3.2.2026 21:25,57325.0,3.2.2026 09:24,23
WV2ZZZ7HZNH050903,WI RS 1899,Volkswagen,vw_california_ocean_t61,Venice,IN_FLEET,SEASON_PREPARATION_AFTER_WINTER,,20/4/2026,22.4.2026,55844,https://backoffice.roadsurfer.com/vehicles/6450/edit,no Problem,4.2.2026 02:55,55879.0,3.2.2026 14:54,35
WV1ZZZSY8S9047429,WI RS 7846,Volkswagen,vw_grand_california_600_vw_crafter_2,Venice,IN_FLEET,MAINTENANCE,IN WORKSHOP - Oil change,3/2/2026,7.2.2026,21129,https://backoffice.roadsurfer.com/vehicles/15146/edit,no Problem,4.2.2026 01:54,21152.0,2.2.2026 13:53,23
WV2ZZZ7HZNH057965,WI RS 2164,Volkswagen,vw_california_beach_t61,Vienna,IN_FLEET,MAINTENANCE,Service fällig,26/1/2026,5.2.2026,100963,https://backoffice.roadsurfer.com/vehicles/5861/edit,no Problem,3.2.2026 16:53,101079.0,3.2.2026 16:53,116
WV2ZZZ7HZNH044785,WI RS 2060,Volkswagen,vw_california_ocean_t61,Vienna-South,IN_FLEET,MAINTENANCE,MKL an ( Ad-Blue ) Daniel Z **,24/11/2025,25.2.2026,100960,https://backoffice.roadsurfer.com/vehicles/6276/edit,no Problem,4.2.2026 05:20,101653.0,3.2.2026 17:19,693
WV2ZZZ7HZRH067008,WI RS 6272,Volkswagen,vw_california_ocean_t61,Vienna-South,IN_FLEET,MAINTENANCE,"Block extended as per station request *carmela Squeeking and not properly functioning brakes "" Daniel **",10/1/2026,25.2.2026,51470,https://backoffice.roadsurfer.com/vehicles/12592/edit,no Problem,3.2.2026 20:25,52024.0,3.2.2026 20:25,554
WV2ZZZ7HZNH084777,WI RS 2384,Volkswagen,vw_california_ocean_t61,Würzburg,IN_FLEET,BLOCK_VEHICLE,Former Deferral vehicle - M&R still to be done,1/2/2026,21.3.2026,77511,https://backoffice.roadsurfer.com/vehicles/7626/edit,no Problem,3.2.2026 12:04,77582.0,2.2.2026 12:02,71